Pennsylvania Snowfall, March 2017
"GHCN ID","Station Name",County,Elevation,Latitude,Longitude,"Mar 1","Mar 2","Mar 3","Mar 4","Mar 5","Mar 6","Mar 7","Mar 8","Mar 9","Mar 10","Mar 11","Mar 12","Mar 13","Mar 14","Mar 15","Mar 16","Mar 17","Mar 18","Mar 19","Mar 20","Mar 21","Mar 22","Mar 23","Mar 24","Mar 25"
US1PAAD0002,"ABBOTTSTOWN 2.4 N","ADAMS",456,-76.99,39.92,0.0,0.0,0.0,T,0.0,0.0,0.0,0.0,0.0,0.8,1.6,0.0,0.0,10.0,2.5,T,0.0,T,1.6,0.0,0.0,0.0,0.0,0.0,M
USC00360022,"ACMETONIA LOCK 3","ALLEGHENY",748,-79.82,40.54,M,M,0.0,0.0,0.0,0.0,0.0,0.0,0.0,M,M,0.0,M,M,0.5,0.5,0.0,1.0,0.0,0.0,0.0,0.0,0.0,M,M
US1PALN0003,"ADAMSTOWN 2.5 SSE","LANCASTER",650,-76.05,40.21,M,M,0.0,0.2,0.0,0.0,M,M,0.0,T,3.7,0.0,0.0,7.5,4.0,T,0.0,M,T,0.0,M,0.0,0.0,0.0,M
US1PABR0021,"ALBURTIS 4.7 SW","BERKS",1002,-75.67,40.47,M,M,0.0,0.1,M,M,M,M,M,M,M,M,M,M,12.2,M,0.0,M,M,0.0,M,M,M,M,M
USW00014737,"ALLENTOWN LEHIGH VALLEY INTL AP","LEHIGH",390,-75.45,40.65,0.0,0.0,T,0.0,0.0,0.0,0.0,0.0,0.0,4.5,0.0,0.0,1.3,12.4,T,0.0,0.0,0.1,0.0,0.0,0.0,0.0,M,M,M
USC00360132,"ALTOONA","BLAIR",1280,-78.37,40.52,0.0,0.0,1.2,M,M,M,M,M,M,2.9,M,M,M,5.5,0.0,0.0,0.0,M,M,M,M,0.0,M,M,M
USC00360140,"ALTOONA 3 W","BLAIR",1320,-78.47,40.49,0.0,0.0,M,M,M,M,M,M,M,M,M,M,6.0,M,0.0,M,M,M,M,M,M,M,M,M,M
USW00014736,"ALTOONA BLAIR COUNTY AP","BLAIR",1480,-78.32,40.30,M,M,M,M,M,M,M,M,0.0,M,M,M,M,M,M,M,M,M,M,M,M,M,M,M,M
US1PALZ0025,"BEACH HAVEN 0.8 E","LUZERNE",553,-76.16,41.07,M,M,0.0,M,M,M,M,M,0.0,M,M,M,M,M,M,M,M,M,M,M,M,M,M,M,M
USC00360457,"BEAR GAP","NORTHUMBERLAND",1015,-76.50,40.82,0.0,0.0,0.0,0.0,0.0,0.0,0.0,M,M,5.5,0.0,0.0,0.0,19.5,M,M,0.0,0.0,0.0,0.0,0.0,0.0,0.0,M,M
US1PACN0010,"BELLEFONTE 4.3 E","CENTRE",1014,-77.69,40.92,0.0,0.0,0.0,2.5,0.0,0.0,0.0,0.0,0.0,6.0,1.0,T,T,8.0,8.5,0.5,T,0.5,1.0,0.0,M,T,0.0,0.0,M
US1PACM0004,"BELMONT 0.1 NE","CAMBRIA",1705,-78.89,40.28,M,0.2,0.5,M,0.0,0.0,0.0,0.0,0.0,5.0,0.5,0.0,0.0,3.0,M,M,0.0,0.5,0.2,0.0,0.0,0.0,0.0,0.0,M
USC00360560,"BELTZVILLE DAM","CARBON",735,-75.64,40.86,0.0,M,0.0,M,M,0.0,0.0,0.0,0.0,1.6,M,M,M,M,M,0.5,0.0,M,M,0.0,0.0,0.0,0.0,0.0,M
US1PABR0005,"BERNVILLE 1.3 SW","BERKS",387,-76.13,40.42,M,M,M,0.5,M,M,M,M,M,M,3.0,M,M,M,M,M,M,M,M,M,M,M,M,M,M
US1PANH0012,"BETHLEHEM 1.8 NW","NORTHAMPTON",358,-75.39,40.65,M,M,0.0,M,0.0,0.0,M,M,M,M,M,0.0,0.0,M,M,0.0,0.0,M,0.0,M,M,M,M,0.0,M
USC00360656,"BIGLERVILLE","ADAMS",720,-77.26,39.94,0.0,0.0,0.0,0.0,0.0,0.0,0.0,0.0,0.0,1.0,0.0,0.0,0.0,8.2,4.6,0.0,0.0,0.0,0.5,0.0,0.0,0.0,0.0,0.0,M
US1PAAD0055,"BIGLERVILLE 0.3 S","ADAMS",623,-77.25,39.93,M,M,0.0,M,0.0,0.0,M,M,0.0,0.5,0.0,0.0,0.0,11.0,0.0,0.0,0.0,M,1.0,0.0,0.0,0.0,0.0,0.0,M
US1PAAD0036,"BIGLERVILLE 0.4 SSE","ADAMS",619,-77.24,39.92,M,0.0,0.0,0.0,0.0,M,M,0.0,M,0.0,0.0,0.0,0.0,M,M,M,M,M,M,M,M,M,M,M,M
US1PAAD0047,"BIGLERVILLE 2.0 WSW","ADAMS",659,-77.28,39.91,M,M,M,M,0.0,0.0,M,M,0.0,1.0,M,0.0,0.0,9.5,M,M,0.0,M,M,0.0,M,0.0,0.0,0.0,M
US1PAAD0011,"BIGLERVILLE 3.0 WSW","ADAMS",765,-77.30,39.92,M,M,0.0,M,0.0,0.0,M,M,0.0,1.3,M,0.0,0.0,7.8,M,M,0.0,M,M,0.0,M,0.0,0.0,0.0,M
USC00360754,"BLOOMSBURG UNIVERSITY","COLUMBIA",651,-76.45,41.01,M,M,M,M,M,M,M,M,M,M,1.2,0.0,0.0,13.0,8.0,0.0,0.0,M,M,M,M,M,M,M,M
US1PAMT0013,"BLUE BELL 2.3 NW","MONTGOMERY",276,-75.30,40.17,M,0.0,0.0,0.0,0.0,0.0,M,M,M,M,M,M,M,3.0,M,0.0,0.0,0.0,0.0,0.0,0.0,0.0,0.0,0.0,M
USC00360785,"BLUE MARSH LAKE","BERKS",350,-76.03,40.38,0.0,0.0,0.0,M,M,M,0.0,0.0,0.0,0.2,M,M,M,M,M,0.0,0.0,M,M,M,0.0,0.0,0.0,0.0,M
US1PAAD0028,"BLUE RIDGE SUMMIT 1.6 NNE","ADAMS",948,-77.45,39.74,M,M,M,M,M,0.0,0.0,M,0.0,M,M,M,M,M,M,M,0.0,M,M,M,M,0.0,M,M,M
US1PACN0013,"BOALSBURG 0.4 E","CENTRE",1165,-77.78,40.77,0.0,T,0.0,0.5,0.0,0.0,0.0,0.0,0.0,5.0,1.0,0.0,T,7.0,4.5,M,M,M,M,M,M,M,M,M,M
US1PACB0012,"BOWMANSTOWN 3.0 WSW","CARBON",522,-75.71,40.78,0.0,0.0,0.0,T,0.0,0.0,0.0,0.0,0.0,2.9,0.3,0.0,T,15.1,0.0,0.2,0.0,0.2,0.0,0.0,0.0,0.0,0.0,0.0,M
USC00360861,"BRADDOCK LOCK 2","ALLEGHENY",730,-79.86,40.39,0.0,0.0,0.0,0.0,0.0,0.0,0.0,0.0,0.0,0.0,0.2,0.0,0.0,0.0,0.1,0.0,0.0,0.0,0.0,0.0,0.0,0.0,0.0,0.0,M
USC00360868,"BRADFORD 4SW RES 5","MCKEAN",1660,-78.71,41.90,0.0,0.0,0.0,2.0,0.0,0.0,0.0,0.0,0.0,1.0,1.0,1.0,0.0,2.0,4.0,3.0,0.0,0.0,0.0,0.0,0.0,0.0,0.0,0.0,M
US1PAAL0001,"BRIDGEVILLE 1.4 SW","ALLEGHENY",1017,-80.12,40.34,0.0,0.1,1.1,T,0.0,0.0,0.0,0.0,0.0,1.5,0.9,0.0,0.0,0.0,0.7,0.2,0.2,0.2,0.0,0.0,0.0,0.0,T,0.0,M
US1PAJF0003,"BROOKVILLE 5.3 SSW","JEFFERSON",1511,-79.10,41.09,M,M,M,M,M,0.0,M,M,0.0,M,M,0.0,M,M,M,M,0.0,M,M,0.0,M,0.0,M,M,M
USC00361139,"BUTLER 2 SW","BUTLER",1000,-79.92,40.84,M,0.2,3.7,0.7,M,M,M,M,M,2.4,0.2,M,M,M,1.3,0.3,M,0.0,M,M,M,M,M,M,M
US1PABT0006,"BUTLER 6.6 SW","BUTLER",1230,-79.94,40.77,M,T,2.5,M,0.0,0.0,M,M,0.0,4.7,0.2,0.0,M,0.0,0.6,M,M,M,M,M,M,0.0,0.0,M,M
US1PAWN0026,"CANAAN - 11","WAYNE",1262,-75.36,41.59,0.0,T,0.2,0.5,T,0.0,M,M,0.0,2.1,1.9,T,0.0,7.1,20.0,1.0,0.0,0.0,0.7,0.0,0.0,0.0,0.0,0.0,M
USC00361207,"CANADENSIS EAST","MONROE",1111,-75.24,41.19,0.0,0.0,0.0,0.0,0.0,0.0,0.0,0.0,0.0,2.2,0.9,0.0,0.0,10.8,9.0,1.0,0.0,0.0,0.6,0.0,0.0,0.0,0.0,0.0,M
USC00361212,"CANTON","BRADFORD",1140,-76.85,41.65,0.0,0.0,0.0,0.0,0.0,0.0,0.0,0.0,0.0,0.2,0.3,0.0,M,12.0,7.0,M,0.0,0.2,0.4,0.0,M,M,M,M,M
USC00361920,"CARLISLE WATER PLANT","CUMBERLAND",430,-77.19,40.23,0.0,0.0,0.0,0.0,0.0,0.0,0.0,0.0,0.0,1.0,0.0,0.0,0.0,12.0,1.0,0.0,0.0,0.0,1.1,0.0,0.0,0.0,0.0,0.0,M
USC00363226,"CASHTOWN 1S","ADAMS",710,-77.35,39.88,0.0,0.0,0.0,0.0,0.0,0.0,0.0,0.0,0.0,1.1,1.5,0.0,0.0,9.0,3.2,0.3,0.0,0.0,1.0,0.0,0.0,0.0,0.0,0.0,M
US1PACH0027,"CHADDS FORD 3.1 SW","CHESTER",351,-75.64,39.84,M,M,0.0,0.0,0.0,0.0,M,M,0.0,M,M,0.0,0.0,4.0,M,0.0,0.0,M,M,0.0,M,0.0,0.0,0.0,M
USC00361350,"CHALK HILL 2 ENE","FAYETTE",1979,-79.59,39.85,0.0,0.0,2.0,1.0,0.0,0.0,0.0,0.0,M,3.0,3.0,0.0,0.0,1.0,12.0,0.0,0.0,0.0,1.0,0.0,0.0,0.0,0.0,0.0,M
USC00361354,"CHAMBERSBURG 1 ESE","FRANKLIN",640,-77.64,39.94,M,M,0.2,M,M,M,M,M,M,2.1,M,M,M,11.0,M,M,M,M,1.0,M,M,M,M,M,M
USC00361362,"CHANDLERS VALLEY 1SE","WARREN",1490,-79.30,41.93,0.0,2.0,0.0,4.0,0.0,M,M,M,0.0,1.0,1.0,1.0,0.0,2.0,6.0,7.0,0.0,0.0,0.0,0.0,0.0,0.0,0.0,M,M
USC00361377,"CHARLEROI LOCK 4","WESTMORELAND",749,-79.90,40.15,0.0,0.0,0.0,0.0,0.0,0.0,0.0,0.0,0.0,0.3,1.0,0.0,0.0,0.0,0.0,1.0,0.0,0.0,0.0,0.0,0.0,0.0,0.0,0.0,M
US1PAWN0038,"CHERRY RIDGE 13A","WAYNE",1376,-75.27,41.52,0.0,M,0.0,0.0,0.0,0.0,M,M,0.0,M,M,0.0,0.0,M,M,M,M,M,M,M,M,M,M,M,M
USC00361480,"CLARENCE","CENTRE",1390,-77.94,41.05,0.0,0.0,0.0,1.1,0.0,0.0,M,M,0.0,6.0,6.7,0.0,0.0,3.3,6.0,0.8,0.0,0.0,1.8,0.0,0.0,0.0,0.0,M,M
USC00361485,"CLARION 3 SW","CLARION",1040,-79.44,41.19,0.0,0.0,0.0,M,M,M,M,M,M,M,M,M,0.0,0.0,1.0,0.0,0.0,M,M,0.0,0.0,0.0,0.0,0.0,M
US1PACB0011,"COALDALE 1.5 N","CARBON",1132,-75.92,40.84,0.0,0.0,M,0.0,0.0,0.0,M,M,0.0,2.0,2.0,0.0,0.0,6.0,15.0,0.0,0.0,0.0,0.0,M,M,M,M,M,M
USC00361590,"COATESVILLE 1E","CHESTER",620,-75.80,40.00,0.0,0.0,0.0,0.0,0.0,M,0.0,0.0,0.0,0.0,M,M,0.0,5.1,M,0.0,M,0.0,0.0,0.0,0.0,0.0,M,0.0,M
US1PAMT0091,"COLLEGEVILLE 0.8 NNE","MONTGOMERY",156,-75.45,40.20,M,M,0.0,M,0.0,0.0,M,M,0.0,M,M,M,M,6.1,M,M,0.0,M,M,0.0,M,0.0,0.0,M,M
US1PAMT0012,"COLLEGEVILLE 3.0 NE","MONTGOMERY",276,-75.42,40.22,M,M,M,M,M,M,M,M,0.0,M,M,M,M,M,M,M,M,M,M,M,M,M,0.0,M,M
USC00361705,"CONFLUENCE 1 SW DAM","SOMERSET",1490,-79.37,39.80,0.0,0.0,2.0,0.0,0.0,0.0,0.0,0.0,0.0,1.2,1.0,0.0,M,4.0,4.0,2.0,1.0,0.0,0.0,0.0,0.0,0.0,0.0,M,M
US1PACW0014,"CONNEAUT LAKE 1.4 NE","CRAWFORD",1133,-80.29,41.62,M,1.1,1.9,2.1,T,M,M,M,M,0.5,0.4,T,0.3,M,M,M,M,0.0,0.0,M,M,T,M,M,M
USC00361726,"CONNELLSVILLE 2 SSW","FAYETTE",900,-79.60,40.00,0.0,0.0,1.0,0.0,0.0,0.0,0.0,0.0,0.0,0.6,0.0,0.0,0.0,M,0.8,M,0.0,0.0,0.0,0.0,0.0,0.0,0.0,0.0,M
USC00361737,"CONSHOHOCKEN","MONTGOMERY",70,-75.32,40.07,0.0,0.0,0.0,0.0,0.0,0.0,0.0,0.0,0.0,0.0,0.0,0.0,0.0,3.0,1.5,0.0,0.0,0.0,0.0,0.0,0.0,0.0,0.0,0.0,M
US1PALZ0004,"CONYNGHAM 3.9 NE","LUZERNE",1050,-76.01,41.03,M,M,0.0,M,0.0,0.0,M,M,0.0,M,M,0.0,0.0,10.5,M,M,0.0,0.0,M,0.0,M,M,M,0.0,M
USC00361751,"COOKSBURG 2 NW","CLARION",1450,-79.22,41.36,M,0.2,0.0,M,M,M,M,M,M,3.1,M,M,M,0.2,0.6,M,M,M,M,M,M,0.1,M,M,M
US1PAVN0007,"COOPERSTOWN 1.3 E","VENANGO",1341,-79.85,41.50,M,0.7,0.1,3.5,0.0,0.0,M,M,0.0,1.8,M,M,M,0.1,2.9,0.3,0.0,M,T,0.0,M,0.1,0.0,M,M
USC00361802,"COUDERSPORT 1 SW","POTTER",1650,-78.04,41.78,M,0.2,0.0,1.0,0.0,M,M,M,M,1.0,0.5,0.5,0.0,2.0,5.0,1.0,0.0,0.0,0.2,M,M,0.0,M,M,M
US1PAPT0005,"COUDERSPORT 5.4 SE","POTTER",2293,-77.95,41.71,T,M,T,T,0.0,M,M,M,M,1.5,0.5,M,0.0,6.0,2.0,0.0,0.0,1.0,T,0.0,M,0.0,0.0,M,M
USC00361810,"COUDERSPORT 7SE","POTTER",2149,-77.97,41.74,0.0,0.3,0.0,0.7,0.5,0.0,0.0,0.0,0.0,0.3,1.0,1.4,0.0,3.0,5.5,0.0,0.0,0.0,1.2,0.0,0.0,0.0,0.0,0.0,M
USC00361833,"COVINGTON 2 WSW","TIOGA",1745,-77.12,41.74,0.0,0.0,0.0,0.0,0.0,0.0,0.0,0.0,0.0,0.0,1.0,0.7,0.0,4.0,6.0,2.0,0.0,0.0,2.0,0.0,0.0,0.0,0.0,0.0,M
USC00361838,"COWANESQUE DAM","TIOGA",1150,-77.16,41.99,0.0,M,M,M,0.0,0.0,0.0,0.0,0.0,0.0,1.0,0.0,0.0,2.5,5.0,0.5,0.0,0.0,0.5,0.0,0.0,0.0,0.0,0.0,M
USC00362071,"DEHART DAM","DAUPHIN",537,-76.87,40.46,M,M,M,0.0,M,M,M,M,M,1.0,0.0,0.0,0.0,15.5,3.0,M,M,M,0.0,M,M,M,M,M,M
USC00362183,"DONEGAL 2 NW","WESTMORELAND",1799,-79.41,40.13,0.0,0.1,3.0,1.0,0.0,0.0,0.0,0.0,0.0,6.0,1.0,0.0,0.0,2.0,5.0,3.0,0.0,1.0,0.0,0.0,0.0,0.0,0.0,0.0,M
USC00362190,"DONORA 1 SW","WASHINGTON",762,-79.87,40.16,M,M,M,0.0,0.0,0.0,0.0,M,M,3.2,1.4,M,M,0.0,0.0,1.0,0.0,0.0,0.0,0.0,0.0,0.0,M,M,M
US1PAYR0024,"DOVER 2.2 E","YORK",455,-76.81,40.00,M,M,0.0,M,M,M,M,M,M,M,M,M,M,M,M,M,M,M,3.2,M,M,0.0,M,M,M
US1PAYR0002,"DOVER 4.2 WSW","YORK",443,-76.92,39.97,M,M,0.0,T,0.0,0.0,M,M,0.0,0.3,1.3,0.0,0.0,M,M,T,0.0,M,2.0,0.0,M,0.0,0.0,0.0,M
US1PABK0026,"DOYLESTOWN 3.7 W","BUCKS",372,-75.20,40.31,M,M,0.0,M,0.0,0.0,M,M,0.0,0.5,1.8,0.0,0.0,5.5,6.5,0.3,0.0,M,M,0.0,M,0.0,0.0,0.0,M
USW00004787,"DUBOIS JEFFERSON COUNTY AP","JEFFERSON",1814,-78.90,41.18,M,M,M,M,M,M,M,M,M,M,M,M,M,M,M,M,0.0,M,M,M,M,M,M,M,M
US1PALZ0015,"DURYEA 0.3 SE","LUZERNE",560,-75.77,41.35,0.0,M,0.0,T,T,0.0,M,M,M,2.8,M,M,0.0,13.0,12.8,2.0,T,0.0,M,0.0,0.0,T,M,0.0,M
USC00362323,"DUSHORE","SULLIVAN",1529,-76.40,41.52,0.0,0.0,0.0,M,M,M,0.0,0.0,0.0,1.9,M,M,0.0,7.0,14.0,1.5,M,M,M,M,M,M,M,M,M
US1PAWN0012,"DYBERRY - 19","WAYNE",1230,-75.28,41.60,0.0,T,1.2,1.0,0.0,0.0,M,M,M,2.0,2.5,0.3,0.0,9.0,18.0,0.5,T,0.0,1.0,0.0,0.0,T,T,0.0,M
US1PAMN0009,"EAST STROUDSBURG 6.5 NE","MONROE",536,-75.08,41.06,M,M,0.0,T,0.0,0.0,M,M,M,M,M,0.0,0.0,M,M,M,0.0,0.0,M,0.0,0.0,0.0,0.0,0.0,M
USC00362470,"EBENSBURG SEWAGE PL","CAMBRIA",1939,-78.73,40.47,M,M,M,0.5,0.0,0.0,0.0,0.0,0.0,4.5,1.0,0.0,0.0,2.5,2.5,3.0,0.0,0.0,1.0,0.0,M,M,M,M,M
USC00362574,"EMSWORTH L/D OHIO RIVER","ALLEGHENY",717,-80.08,40.50,0.0,0.0,0.0,M,M,M,0.0,0.0,0.0,0.0,0.0,0.0,0.0,0.0,1.0,0.1,0.0,0.0,0.0,0.0,0.0,0.0,M,0.0,M
US1PAER0002,"ERIE 5.6 SW","ERIE",882,-80.15,42.06,M,M,M,M,M,M,M,M,M,M,M,M,T,4.2,4.8,0.0,0.0,0.0,0.0,0.0,0.0,0.0,0.0,M,M
USW00014860,"ERIE INTL AP","ERIE",729,-80.18,42.08,0.0,0.4,1.8,T,0.0,0.0,0.0,0.0,0.0,0.7,0.1,0.2,1.2,5.3,T,T,0.0,0.1,0.0,0.0,0.0,0.0,M,M,M
USC00362721,"EVERETT","BEDFORD",1000,-78.37,40.01,M,M,M,M,M,M,M,M,M,M,0.1,M,0.0,8.5,1.0,0.0,M,0.0,0.0,M,M,M,M,M,M
US1PABD0006,"EVERETT 3.4 SW","BEDFORD",1320,-78.41,39.98,0.0,0.0,0.5,T,0.0,M,M,0.0,0.0,2.5,2.5,0.0,T,9.9,1.0,T,T,T,T,0.0,0.0,0.0,0.0,0.0,M
US1PABD0011,"EVERETT 3.9 W","BEDFORD",1189,-78.44,40.02,0.0,0.0,T,T,0.0,0.0,0.0,0.0,0.0,0.5,2.5,0.0,0.0,9.0,2.0,T,T,0.1,0.0,0.0,0.0,0.0,0.0,0.0,M
US1PABD0001,"EVERETT 4.1 S","BEDFORD",1362,-78.36,39.95,0.0,M,M,T,0.0,0.0,0.0,0.0,0.0,2.3,1.0,T,T,9.0,3.0,T,T,T,0.0,T,0.0,0.0,0.0,0.0,M
US1PAAD0008,"FAIRFIELD 1.0 NNE","ADAMS",602,-77.36,39.80,M,M,0.0,M,0.0,0.0,M,M,0.0,M,M,0.0,0.0,M,M,M,0.0,M,M,0.0,M,0.0,0.0,0.0,M
US1PAAD0043,"FAIRFIELD 1.8 NNW","ADAMS",674,-77.38,39.81,M,M,0.0,0.0,0.0,0.0,M,M,0.0,M,M,0.0,0.0,M,M,M,0.0,M,M,0.0,M,0.0,M,M,M
US1PAAD0031,"FAIRFIELD 5.2 SE","ADAMS",463,-77.31,39.73,M,M,M,M,M,M,M,M,M,M,M,M,0.0,M,M,M,M,M,M,M,M,0.0,M,M,M
US1PAFY0010,"FARMINGTON .3 ESE","FAYETTE",1729,-79.56,39.81,0.0,0.1,3.1,0.8,0.0,0.0,0.0,0.0,0.0,2.8,3.8,T,0.0,1.6,8.1,1.1,0.3,0.3,1.0,0.0,0.0,0.0,T,0.0,M
US1PABR0007,"FLEETWOOD 2.0 ESE","BERKS",761,-75.79,40.44,M,M,0.0,M,0.0,0.0,M,M,0.0,M,M,0.0,0.0,M,14.0,M,0.0,M,M,0.0,M,0.0,0.0,0.0,M
USC00362942,"FORD CITY 4 S DAM","ARMSTRONG",930,-79.51,40.71,0.0,0.0,2.5,0.0,0.0,0.0,0.0,0.0,0.0,3.5,0.0,0.0,0.0,0.3,0.2,0.0,0.0,0.0,0.0,0.0,0.0,0.0,0.0,0.0,M
US1PASS0006,"FOREST CITY 0.2 SE","SUSQUEHANNA",1700,-75.47,41.65,0.0,M,0.3,1.0,0.0,M,M,M,M,M,M,M,M,11.5,23.0,M,M,M,M,M,M,M,M,M,M
US1PAMT0067,"FORT WASHINGTON 0.8 NW","MONTGOMERY",290,-75.20,40.15,M,M,0.0,M,0.0,0.0,M,M,0.0,0.3,M,0.0,0.0,5.5,1.5,0.0,0.0,0.0,M,0.0,M,0.0,0.0,0.0,M
US1PALZ0024,"FORTY FORT 0.4 NNE","LUZERNE",558,-75.87,41.29,0.0,0.0,T,T,0.0,0.0,0.0,0.0,M,3.5,2.0,0.0,0.0,11.0,15.5,1.5,T,T,T,0.0,0.0,T,T,M,M
USC00363018,"FRANCIS E WALTER DAM","LUZERNE",1508,-75.73,41.12,M,M,M,M,M,M,M,M,M,4.0,M,M,M,9.0,9.0,4.0,M,M,M,M,M,0.0,M,M,M
USC00363028,"FRANKLIN","VENANGO",1015,-79.83,41.40,0.0,0.3,0.3,0.0,0.0,0.0,0.0,0.0,0.0,2.0,0.5,0.2,0.0,0.0,1.0,0.0,0.0,0.0,0.0,0.0,0.0,0.0,0.0,0.0,M
US1PAWS0010,"FREDERICKTOWN-MILLSBORO 2.0 N","WASHINGTON",1104,-80.00,40.03,M,M,M,M,M,M,M,M,0.0,M,M,M,M,M,M,M,M,M,M,M,M,M,M,M,M
USC00363130,"GALETON","POTTER",1345,-77.65,41.74,M,0.0,M,0.1,0.0,M,M,M,M,0.0,0.3,0.4,0.0,3.0,2.6,0.0,0.0,0.0,1.0,M,M,0.0,M,M,M
US1PAAD0034,"GARDNERS 0.6 SSW","ADAMS",799,-77.21,40.00,M,M,0.0,0.0,0.0,0.0,M,M,0.0,0.0,0.0,0.0,M,M,M,M,M,M,M,M,M,M,M,M,M
US1PAAD0033,"GARDNERS 1.0 NW","ADAMS",920,-77.23,40.02,M,M,0.0,M,0.0,0.0,M,M,0.0,0.0,M,0.0,0.0,M,M,M,M,M,M,M,M,M,M,M,M
US1PAAD0005,"GETTYSBURG 0.8 NNE","ADAMS",501,-77.23,39.84,M,M,0.0,0.0,0.0,0.0,M,M,0.0,0.0,M,0.0,0.0,M,M,0.0,0.0,M,M,0.0,0.0,0.0,0.0,M,M
US1PAAD0012,"GETTYSBURG 4.9 SW","ADAMS",471,-77.29,39.77,M,M,0.0,M,0.0,0.0,M,M,0.0,M,M,0.0,0.0,9.2,M,M,0.0,M,M,0.0,M,0.0,0.0,0.0,M
US1PAAD0024,"GETTYSBURG 7.1 SSE","ADAMS",480,-77.20,39.73,M,M,M,M,M,M,M,M,0.0,M,M,0.0,0.0,M,M,M,M,M,M,M,M,M,M,M,M
US1PAMT0001,"GILBERTSVILLE 0.9 S","MONTGOMERY",305,-75.61,40.31,M,M,M,M,M,M,M,M,0.0,M,M,M,0.0,4.1,M,M,0.0,M,M,0.0,M,0.0,M,M,M
USC00363311,"GLEN HAZEL 2 NE DAM","ELK",1720,-78.60,41.56,0.0,0.0,M,1.0,0.0,0.0,0.0,0.0,0.0,0.0,0.5,0.0,0.0,1.3,4.2,1.0,0.0,0.0,1.0,0.0,0.0,0.0,0.0,0.0,M
US1PAYR0025,"GLEN ROCK 4.1 NE","YORK",848,-76.67,39.83,0.0,M,0.0,0.0,0.0,0.0,M,M,M,M,M,M,M,M,M,M,M,M,M,M,M,M,M,0.0,M
USC00363293,"GLENCOE","SOMERSET",1594,-78.83,39.83,0.0,0.0,2.6,0.3,M,M,0.0,M,M,1.6,1.1,M,0.0,8.9,2.3,1.6,M,0.4,0.0,M,0.0,M,M,0.0,M
USC00363321,"GLENMOORE","CHESTER",500,-75.75,40.10,0.0,0.0,0.0,M,0.0,0.0,0.0,0.0,0.0,0.0,3.8,0.0,0.0,5.0,1.3,M,0.0,0.0,0.0,0.0,0.0,0.0,0.0,0.0,M
USC00363343,"GLENWILLARD DASHIELDS LOCK AND  D","ALLEGHENY",710,-80.22,40.55,0.0,0.0,0.0,M,0.0,0.0,0.0,0.0,0.0,0.0,1.5,0.0,0.0,0.0,0.5,0.0,0.0,0.0,0.0,0.0,0.0,0.0,0.0,0.0,M
USC00363417,"GRAMPIAN 1E","CLEARFIELD",1509,-78.59,40.97,M,M,0.0,0.5,0.0,M,0.0,M,M,5.0,2.0,0.0,0.0,2.0,4.0,1.4,0.0,0.0,0.5,0.0,0.0,0.0,0.0,0.0,M
USC00363437,"GRATERFORD 1 E","MONTGOMERY",240,-75.44,40.23,0.0,0.0,0.0,0.0,0.0,0.0,0.0,0.0,0.0,0.0,M,0.0,0.0,4.0,M,0.0,0.0,0.0,0.0,0.0,0.0,0.0,0.0,0.0,M
USC00363451,"GRAYS LANDING","FAYETTE",800,-79.92,39.78,0.0,0.0,0.3,0.0,0.0,0.0,0.0,0.0,0.0,1.0,0.5,0.0,0.0,0.0,0.5,0.1,0.0,0.0,0.0,0.0,0.0,M,M,M,M
USC00363488,"GREEN LANE","MONTGOMERY",305,-75.48,40.34,M,M,M,M,M,M,M,M,M,0.0,0.5,M,M,5.5,0.5,M,M,M,M,M,M,M,M,M,M
US1PAMT0090,"GREEN LANE 0.9 ESE","MONTGOMERY",241,-75.45,40.33,M,M,M,0.0,0.0,0.0,M,M,M,M,M,M,M,M,M,M,M,M,M,M,M,M,M,M,M
US1PAFN0001,"GREENCASTLE 0.3 SSE","FRANKLIN",604,-77.73,39.79,0.0,0.0,0.0,0.0,0.0,0.0,0.0,0.0,0.0,0.5,T,0.0,0.0,7.5,0.0,0.0,0.0,M,0.0,0.0,0.0,0.0,0.0,M,M
USC00363632,"HAMBURG","BERKS",383,-75.99,40.55,0.0,0.0,0.0,0.0,0.0,0.0,0.0,0.0,0.0,1.1,0.0,0.0,0.0,10.0,5.8,0.0,0.0,0.0,0.0,0.0,0.0,0.0,0.0,0.0,M
US1PABR0025,"HAMBURG 0.7 NNW","BERKS",539,-75.99,40.57,0.0,T,0.0,0.2,0.0,0.0,0.0,0.0,0.0,0.6,2.1,0.0,0.0,9.5,6.2,0.1,0.0,0.2,T,0.0,0.0,0.0,0.0,0.0,M
USC00363665,"HANOVER 4 SW","ADAMS",558,-77.03,39.77,0.0,0.0,0.0,M,M,0.0,0.0,0.0,0.0,0.2,0.1,0.0,0.0,8.0,1.3,0.0,0.0,0.0,0.4,0.0,0.0,0.0,0.0,0.0,M
US1PAAD0021,"HANOVER 4.2 WNW","ADAMS",499,-77.06,39.82,M,M,0.0,0.0,0.0,0.0,0.0,M,0.0,1.0,M,M,M,M,M,M,M,M,M,M,M,M,M,M,M
US1PAAD0026,"HANOVER 5.4 S","ADAMS",755,-77.00,39.72,M,M,0.0,0.0,0.0,0.0,M,M,0.0,M,2.1,0.0,0.0,7.1,M,0.0,0.0,0.0,1.0,0.0,M,0.0,0.0,0.0,M
US1PAMT0007,"HARLEYSVILLE 2.1 SW","MONTGOMERY",368,-75.41,40.26,M,M,0.0,M,M,M,M,M,0.0,T,2.0,M,0.0,4.0,2.5,0.0,M,M,M,M,M,M,M,M,M
US1PAMT0051,"HARLEYSVILLE 2.9 S","MONTGOMERY",235,-75.38,40.24,M,M,0.0,0.0,0.0,0.0,M,M,0.0,0.0,M,0.0,0.0,M,M,0.0,0.0,M,M,0.0,M,0.0,0.0,0.0,M
US1PAMT0087,"HARLEYSVILLE 3.9 WNW","MONTGOMERY",430,-75.45,40.31,M,M,M,M,M,M,M,M,M,0.6,1.1,M,M,5.2,2.1,0.0,0.0,0.0,M,M,M,M,M,M,M
USC00363698,"HARRISBURG 1 NE","DAUPHIN",420,-76.87,40.28,0.0,0.0,M,0.0,M,M,M,M,M,0.5,0.4,M,M,13.5,3.5,0.0,M,0.0,M,0.0,M,M,M,M,M
US1PADP0015,"HARRISBURG 6.0 NE","DAUPHIN",465,-76.83,40.35,M,M,M,M,M,M,M,M,M,M,2.0,M,M,M,M,M,M,M,M,M,M,M,M,M,M
US1PAMT0006,"HATFIELD 0.1 SSW","MONTGOMERY",348,-75.30,40.28,M,M,0.0,0.0,0.0,0.0,M,M,0.0,0.0,M,0.0,0.0,M,M,0.0,0.0,0.0,M,0.0,0.0,0.0,0.0,0.0,M
US1PAMT0056,"HATFIELD 2.0 WSW","MONTGOMERY",281,-75.33,40.27,M,M,0.0,M,0.0,0.0,M,M,0.0,M,M,0.0,0.0,M,M,M,0.0,M,M,0.0,M,0.0,0.0,0.0,M
US1PAWN0013,"HAWLEY - 15","WAYNE",1061,-75.16,41.50,0.0,M,0.0,M,0.0,0.0,M,M,0.0,6.0,0.0,0.0,0.0,6.0,21.0,0.0,0.0,0.0,M,0.0,M,M,M,M,M
USC00363758,"HAWLEY 1 E","PIKE",890,-75.17,41.48,0.0,0.0,0.0,0.0,0.0,0.0,0.0,0.0,0.0,3.0,2.0,0.0,0.0,10.1,12.2,0.0,0.0,0.0,0.0,0.0,0.0,0.0,0.0,0.0,M
US1PASM0001,"HIDDEN VALLEY 0.3 ENE","SOMERSET",2749,-79.26,40.06,M,0.4,5.0,1.0,M,M,M,M,M,4.2,8.0,M,M,2.0,14.0,1.5,M,M,1.5,M,M,M,M,M,M
USC00364214,"INDIANA 3 SE","INDIANA",1102,-79.12,40.60,0.0,0.0,3.0,0.0,0.0,0.0,M,M,0.0,2.0,1.0,0.0,0.0,0.5,1.5,1.0,0.0,0.0,0.0,0.0,0.0,0.0,0.0,0.0,M
USC00364325,"JAMESTOWN 2 NW","CRAWFORD",1040,-80.47,41.50,M,M,M,M,M,M,M,M,M,1.0,0.5,0.0,0.0,M,M,M,M,M,0.0,0.0,0.0,0.0,M,M,M
US1PACB0016,"JIM THORPE 1.1 NNE","CARBON",1063,-75.73,40.89,0.0,0.0,0.0,0.4,0.0,0.0,0.0,0.0,0.0,0.8,1.5,T,0.0,10.8,8.0,1.5,0.0,M,M,M,0.0,T,0.0,0.0,M
USW00004726,"JOHNSTOWN CAMBRIA COUNTY AP","CAMBRIA",2284,-78.83,40.32,M,M,M,M,M,M,M,M,0.0,M,M,M,M,M,M,M,M,M,M,M,M,M,M,M,M
USC00364432,"KANE 1NNE","MCKEAN",1750,-78.80,41.68,M,M,M,M,M,M,M,M,M,1.6,1.2,1.2,0.0,M,M,M,M,M,M,M,M,M,M,0.0,M
US1PACH0028,"KENNETT SQUARE 4.1 NNE","CHESTER",356,-75.69,39.90,M,M,M,M,0.0,0.0,M,M,0.0,M,M,0.0,0.0,M,M,0.0,0.0,0.0,M,0.0,0.0,0.0,0.0,0.0,M
US1PAMT0022,"KULPSVILLE 2.6 SSW","MONTGOMERY",272,-75.35,40.21,0.0,0.0,0.0,T,0.0,0.0,0.0,0.0,0.0,T,4.0,0.0,0.0,6.0,2.5,T,0.0,0.0,0.0,0.0,0.0,0.0,0.0,0.0,M
US1PABR0012,"KUTZTOWN 2.2 NNE","BERKS",507,-75.77,40.55,M,M,0.0,T,0.0,0.0,M,M,0.0,0.7,M,M,M,10.5,3.0,M,M,M,M,M,M,M,M,M,M
USC00364763,"LANCASTER 2 NE FILT PLANT","LANCASTER",270,-76.27,40.05,0.0,0.0,0.0,0.0,0.0,0.0,0.0,0.0,0.0,0.0,2.2,0.0,0.0,1.5,7.3,0.0,0.0,0.0,0.0,0.0,0.0,0.0,0.0,0.0,M
US1PALN0007,"LANCASTER 5.8 WNW","LANCASTER",434,-76.41,40.06,M,0.0,0.0,0.0,0.0,0.0,M,M,0.0,M,M,M,0.0,M,M,M,0.0,M,0.0,0.0,M,M,0.0,0.0,M
US1PABK0018,"LANGHORNE 2.8 NE","BUCKS",180,-74.89,40.21,M,M,0.0,M,0.0,0.0,M,M,0.0,M,M,M,M,M,M,M,M,M,M,M,M,M,M,M,M
USC00364815,"LAPORTE","SULLIVAN",1965,-76.49,41.42,0.0,0.0,0.0,0.2,0.0,0.0,0.0,0.0,0.0,3.2,1.2,M,0.0,5.5,14.2,2.8,0.0,0.0,0.0,0.0,0.0,0.0,0.0,0.0,M
US1PAWT0002,"LATROBE 0.6 NW","WESTMORELAND",974,-79.39,40.32,M,M,T,T,0.0,M,M,M,M,M,M,M,M,M,M,M,M,M,M,M,M,M,M,M,M
USC00364839,"LAUREL SUMMIT","SOMERSET",2729,-79.14,40.17,M,1.0,5.0,M,M,M,M,M,M,5.5,8.0,M,M,2.0,6.0,M,0.4,M,1.9,M,M,M,M,M,M
USC00364896,"LEBANON 2 W","LEBANON",450,-76.47,40.33,0.0,0.0,0.0,M,0.0,0.0,0.0,0.0,0.0,2.3,0.0,0.0,2.0,10.5,0.0,0.0,0.0,0.0,0.0,0.0,0.0,0.0,0.0,M,M
US1PACL0004,"LEEPER 0.9 WSW","CLARION",1612,-79.32,41.36,0.0,M,M,M,M,0.0,M,M,0.0,M,M,0.0,M,0.0,M,M,0.0,M,M,0.0,M,0.0,0.0,0.0,M
USC00364934,"LEHIGHTON 1SSW","CARBON",580,-75.70,40.82,M,M,M,M,M,M,M,M,M,1.5,M,M,M,9.0,6.5,0.0,M,0.0,0.0,M,M,M,M,M,M
US1PACB0018,"LEHIGHTON 3.3 WSW","CARBON",600,-75.77,40.81,0.0,0.0,0.0,M,0.0,0.0,0.0,0.0,0.0,1.4,1.5,0.0,0.0,8.9,6.2,M,0.0,T,M,0.0,0.0,0.0,T,0.0,M
USC00364976,"LEWISBURG","UNION",500,-76.88,40.95,0.0,0.0,0.0,0.0,0.0,0.0,0.0,0.0,0.0,2.5,0.0,0.0,0.0,7.0,7.0,0.0,0.0,0.0,1.5,0.0,0.0,0.0,0.0,0.0,M
USC00364992,"LEWISTOWN","MIFFLIN",460,-77.57,40.59,0.0,0.0,0.0,M,M,0.0,0.0,0.0,0.0,1.5,M,M,0.0,10.0,4.0,0.0,0.0,0.0,M,0.0,0.0,0.0,0.0,0.0,M
US1PAMT0086,"LIMERICK 1.0 W","MONTGOMERY",307,-75.54,40.23,M,M,M,M,0.0,0.0,M,M,0.0,M,M,0.0,0.0,6.3,M,0.0,0.0,M,M,M,M,0.0,0.0,0.0,M
USC00365050,"LINESVILLE 1 S","CRAWFORD",1030,-80.43,41.65,M,0.0,2.0,M,M,M,M,M,M,0.0,M,M,M,5.0,6.0,0.0,M,M,M,M,M,0.0,M,M,M
USC00365109,"LOCK HAVEN SEWAGE PLANT","CLINTON",566,-77.43,41.13,0.0,0.0,0.0,0.1,0.0,0.0,0.0,0.0,0.0,3.0,1.2,0.0,0.0,8.0,6.5,0.0,0.0,0.0,2.0,0.0,0.0,0.0,0.0,0.0,M
US1PAWT0014,"LOWER BURRELL 1.2 WNW","WESTMORELAND",1049,-79.73,40.59,M,M,M,M,M,0.0,M,M,M,M,M,M,0.0,M,1.1,M,M,M,M,M,M,M,M,M,M
USC00365344,"MAHANOY CITY 2 N","SCHUYLKILL",1710,-76.14,40.83,M,M,M,M,M,M,M,M,M,2.5,1.0,M,M,M,6.0,M,M,1.0,M,M,M,M,M,M,M
US1PANH0008,"MARTINS CREEK 0.2 E","NORTHAMPTON",228,-75.18,40.78,M,M,M,T,M,M,M,M,0.0,1.1,1.5,0.0,M,5.7,4.7,1.2,0.0,T,T,M,M,0.0,M,0.0,M
US1PAWS0005,"MCMURRAY 0.2 NE","WASHINGTON",1042,-80.09,40.28,0.0,0.1,0.8,0.4,0.0,0.0,0.0,0.0,0.0,2.2,0.2,0.0,T,0.0,1.3,0.8,T,0.4,0.0,0.0,0.0,0.0,T,0.0,M
US1PACW0002,"MEADVILLE 6.7 NW","CRAWFORD",1307,-80.24,41.71,M,1.8,0.8,0.8,0.0,0.0,M,M,M,M,0.3,M,0.4,2.6,3.4,0.2,0.0,0.0,M,0.0,M,0.0,M,M,M
US1PACD0006,"MECHANICSBURG 1.0 NNW","CUMBERLAND",439,-77.01,40.22,M,M,0.0,M,M,M,M,M,M,0.5,M,M,M,10.0,5.0,0.0,0.0,M,2.5,0.0,M,0.0,0.0,M,M
USC00365686,"MEYERSDALE 2 SSW","SOMERSET",1999,-79.04,39.78,M,0.0,1.6,0.1,M,M,M,M,M,2.6,0.5,M,M,6.0,1.0,0.3,0.0,0.0,0.0,M,M,M,M,M,M
US1PADP0014,"MIDDLETOWN 2.9 NW","DAUPHIN",510,-76.76,40.23,M,M,0.0,0.4,T,0.0,M,M,M,M,M,M,M,M,M,M,M,T,0.5,0.0,M,0.0,0.0,0.0,M
USW00014711,"MIDDLETOWN HARRISBURG INTL AP","DAUPHIN",312,-76.77,40.20,0.0,0.0,T,0.0,0.0,0.0,0.0,0.0,0.0,0.2,0.0,0.0,2.3,14.7,0.2,0.0,0.0,T,1.0,0.0,0.0,0.0,M,M,M
USC00365724,"MIFFLINBURG 2NW","UNION",730,-77.07,40.93,0.0,0.0,0.0,T,0.0,0.0,0.0,0.0,0.0,2.0,0.3,0.0,T,9.3,5.9,0.4,0.0,0.3,2.5,0.0,0.0,0.0,0.0,0.0,M
USC00365738,"MILANVILLE","WAYNE",760,-75.06,41.67,M,M,M,M,M,M,M,M,M,3.0,M,M,M,21.0,M,M,M,M,M,M,M,M,M,M,M
US1PABR0016,"MOHNTON 2.8 SSW","BERKS",810,-76.00,40.25,M,0.0,0.0,T,0.0,0.0,0.0,0.0,0.0,0.0,2.8,M,M,8.7,2.6,M,0.0,0.0,0.1,M,M,M,M,M,M
US1PABR0028,"MOHRSVILLE 2.2 SW","BERKS",346,-76.01,40.45,M,M,0.0,M,0.0,0.0,M,M,0.0,M,M,0.0,0.0,10.4,M,M,0.0,M,M,0.0,M,0.0,0.0,0.0,M
USC00365902,"MONTGOMERY LOCK & DAM","BEAVER",690,-80.39,40.65,M,0.0,0.0,0.0,0.0,0.0,M,0.0,0.0,0.0,0.0,0.0,0.0,0.0,0.5,0.0,0.0,0.0,0.0,0.0,0.0,M,M,0.0,M
USC00365918,"MOON TOWNSHIP","ALLEGHENY",1172,-80.22,40.53,0.0,0.0,0.3,0.0,0.0,0.0,0.0,0.0,0.0,2.9,0.0,0.0,0.0,0.0,2.2,0.8,0.0,2.5,0.0,0.0,0.0,0.0,0.0,0.0,M
USC00365956,"MORGANTOWN","BERKS",591,-75.89,40.16,M,0.0,0.0,0.0,M,0.0,0.0,0.0,0.0,0.0,2.5,M,M,M,M,0.0,0.0,0.0,0.0,0.0,0.0,0.0,0.0,M,M
US1PANM0002,"MOUNT CARMEL 1.1 WNW","NORTHUMBERLAND",1101,-76.43,40.80,0.0,M,M,M,0.0,0.0,M,M,0.0,1.5,4.0,0.0,0.0,8.0,13.5,0.0,0.0,M,0.0,0.0,M,0.0,0.0,M,M
US1PAYR0020,"MOUNT WOLF 1.0 SE","YORK",514,-76.69,40.05,M,0.0,0.0,T,0.0,0.0,0.0,0.0,0.0,0.3,1.7,0.0,0.0,12.7,2.6,0.2,0.0,0.0,1.0,0.0,0.0,0.0,0.0,0.0,M
US1PALZ0026,"MOUNTAIN TOP 1.0 SW","LUZERNE",1362,-75.91,41.15,M,M,M,M,M,M,M,M,M,M,M,M,M,20.8,M,M,M,M,M,M,M,M,M,M,M
US1PALN0019,"MOUNTVILLE 0.5 NW","LANCASTER",445,-76.44,40.05,M,M,M,M,M,0.0,M,M,M,M,M,M,M,M,M,M,M,M,M,M,M,M,M,M,M
USC00366111,"MURRYSVILLE 2 SW","WESTMORELAND",860,-79.72,40.41,0.0,0.0,0.0,0.0,0.0,0.0,0.0,0.0,0.0,1.3,0.0,0.0,0.0,0.0,1.1,0.0,0.0,0.4,0.0,0.0,0.0,0.0,0.0,0.0,M
USC00366151,"NATRONA LOCK 4","ALLEGHENY",760,-79.72,40.61,0.0,0.0,0.0,0.0,0.0,0.0,0.0,0.0,0.0,1.0,0.1,0.0,0.0,0.0,1.0,0.0,0.0,0.0,0.0,0.0,0.0,0.0,0.0,0.0,M
USC00366194,"NESHAMINY FALLS","BUCKS",60,-74.96,40.14,0.0,0.0,0.0,0.0,0.0,0.0,0.0,0.0,0.0,2.0,0.0,0.0,0.0,4.0,0.0,0.0,0.0,0.0,0.0,M,0.0,0.0,0.0,M,M
USC00366238,"NEW HOLLAND 2 SE","LANCASTER",605,-76.07,40.08,0.0,0.0,0.0,0.0,0.0,0.0,0.0,0.0,0.0,3.6,0.0,0.0,1.0,8.3,0.1,0.0,0.0,0.0,0.0,0.0,0.0,M,M,M,M
US1PASS0016,"NEW MILFORD 1.6 SSE","SUSQUEHANNA",1407,-75.71,41.86,0.0,T,1.0,0.3,T,M,M,M,M,M,M,M,M,M,M,M,M,M,M,M,M,M,M,M,M
USC00366241,"NEW MILFORD 5 W","SUSQUEHANNA",1728,-75.81,41.86,M,M,M,M,M,M,M,M,M,M,1.0,0.0,M,8.5,13.0,2.0,0.0,M,M,M,M,M,M,M,M
US1PAAD0045,"NEW OXFORD 0.3 WSW","ADAMS",533,-77.06,39.86,M,M,0.0,0.0,0.0,0.0,M,M,0.0,M,M,0.0,0.0,M,M,0.0,M,M,M,M,M,M,M,M,M
US1PAAD0030,"NEW OXFORD 1.3 SSE","ADAMS",575,-77.04,39.85,M,M,0.0,M,0.0,0.0,M,M,M,M,M,M,M,M,M,M,M,M,M,M,M,0.0,M,0.0,M
USC00366289,"NEW PARK","YORK",800,-76.50,39.73,M,M,M,M,M,M,M,M,M,M,M,M,M,7.0,0.0,0.0,0.0,0.0,1.2,0.0,M,M,M,M,M
USC00366310,"NEW STANTON 1 SW","WESTMORELAND",950,-79.63,40.20,M,M,0.5,0.0,M,M,M,M,M,M,M,M,M,0.0,1.0,0.0,M,M,M,M,M,M,M,M,M
USC00366305,"NEWTON RANSOM","LACKAWANNA",1047,-75.82,41.41,M,M,M,M,M,M,0.0,0.0,0.0,M,M,M,M,M,M,M,M,M,M,M,M,M,M,M,M
US1PAER0005,"NORTH EAST 1.2 WNW","ERIE",756,-79.86,42.22,0.0,0.1,1.0,T,0.0,0.0,0.0,0.0,0.0,T,T,T,T,2.1,8.1,T,T,0.0,0.1,0.0,0.0,0.1,0.0,0.0,M
US1PAMT0072,"NORTH WALES 1.3 SW","MONTGOMERY",338,-75.29,40.19,M,M,0.0,M,0.0,0.0,M,M,M,M,M,0.0,0.0,M,M,M,0.0,M,M,0.0,M,M,0.0,0.0,M
US1PAMT0016,"NORTH WALES 1.3 WSW","MONTGOMERY",331,-75.30,40.21,M,M,0.0,M,0.0,0.0,M,M,M,0.0,2.5,0.0,0.0,3.5,2.0,M,0.0,M,M,0.0,M,0.0,0.0,0.0,M
US1PACH0014,"NOTTINGHAM 1.5 SW","CHESTER",429,-76.05,39.74,0.0,0.0,0.0,0.0,0.0,0.0,0.0,0.0,0.0,0.0,0.5,0.0,0.0,4.0,2.0,M,M,M,M,M,M,M,M,M,M
USC00366508,"OCTORARO LAKE","LANCASTER",260,-76.05,39.80,M,M,M,M,M,M,M,M,M,M,M,M,0.0,7.0,M,M,M,M,0.0,M,M,M,M,M,M
US1PABR0019,"OLEY 1.9 E","BERKS",348,-75.75,40.39,M,M,0.0,M,0.0,0.0,M,M,0.0,M,M,0.0,0.0,7.3,0.8,0.0,0.0,M,M,0.0,M,0.0,0.0,0.0,M
US1PAWN0037,"OREGON - 23","WAYNE",1378,-75.22,41.62,0.0,M,M,0.0,0.0,0.0,M,M,0.0,M,M,0.0,0.0,M,M,M,M,0.0,M,0.0,0.0,0.0,0.0,0.0,M
US1PAAD0048,"ORRTANNA 0.3 W","ADAMS",671,-77.37,39.84,M,M,M,M,M,M,M,M,0.0,M,M,M,M,M,M,M,M,M,M,M,M,M,M,M,M
US1PAAD0035,"ORRTANNA 1.6 NE","ADAMS",664,-77.34,39.86,M,0.0,0.0,0.0,0.0,0.0,M,0.0,0.0,M,0.0,0.0,0.0,M,M,M,M,M,M,M,M,M,M,M,M
US1PAAD0006,"ORRTANNA 3.2 NNW","ADAMS",1183,-77.38,39.89,M,M,0.0,M,0.0,0.0,M,M,0.0,M,M,0.0,0.0,M,M,M,0.0,M,M,0.0,M,0.0,0.0,0.0,M
US1PAAD0054,"ORRTANNA 5.7 NNW","ADAMS",1163,-77.40,39.92,M,M,0.0,M,0.0,0.0,M,M,0.0,M,M,0.0,0.0,M,M,M,0.0,0.0,M,0.0,M,0.0,0.0,M,M
US1PASC0003,"ORWIGSBURG 1.9 W","SCHUYLKILL",722,-76.14,40.66,M,M,M,0.1,0.0,M,M,M,M,M,M,M,M,M,M,M,M,M,M,M,M,M,M,M,M
USC00366649,"OSWAYO 1 ENE","POTTER",1710,-78.01,41.92,0.0,0.0,0.0,0.6,0.0,0.0,0.0,0.0,0.0,0.2,0.0,0.0,0.0,3.0,3.0,1.6,0.0,0.0,0.2,0.0,0.0,0.0,M,M,M
US1PACB0004,"PALMERTON 5.8 ENE","CARBON",682,-75.52,40.84,M,M,0.0,M,0.0,0.0,M,M,0.0,3.5,1.5,0.0,0.0,9.5,3.0,1.0,0.0,0.8,T,0.0,0.0,0.0,0.0,0.0,M
US1PAAL0009,"PATHFINDER","ALLEGHENY",1112,-80.05,40.34,0.0,0.0,0.2,M,M,M,M,M,M,2.4,M,M,M,0.0,2.5,0.0,0.0,M,M,M,0.0,0.0,0.0,M,M
US1PADP0006,"PAXTONIA 1.7 E","DAUPHIN",407,-76.76,40.31,M,M,M,0.2,M,0.0,M,M,M,0.3,M,M,M,15.0,3.0,1.0,0.0,M,0.5,M,M,M,M,M,M
US1PABK0013,"PENNDEL 1.1 WSW","BUCKS",129,-74.93,40.15,M,M,0.0,0.0,0.0,0.0,M,M,0.0,0.0,1.0,0.0,0.0,6.0,2.0,0.0,0.0,0.0,M,0.0,M,0.0,0.0,0.0,M
US1PAMT0092,"PENNSBURG 1.6 SSW","MONTGOMERY",339,-75.51,40.37,M,0.0,M,M,M,M,0.0,0.0,M,1.0,2.0,M,M,5.0,M,0.0,0.0,0.0,0.0,0.0,0.0,M,M,M,M
US1PABK0005,"PERKASIE 1.6 SSE","BUCKS",394,-75.29,40.35,M,0.0,0.0,M,M,M,M,M,M,M,M,M,M,M,M,M,M,M,M,M,M,M,M,M,M
US1PAMT0076,"PERKIOMENVILLE 4.6 SW","MONTGOMERY",226,-75.55,40.28,M,M,0.0,0.0,0.0,0.0,M,M,M,M,M,0.0,0.0,M,M,0.0,0.0,0.0,0.0,0.0,M,M,0.0,0.0,M
US1PAPH0004,"PHILADELPHIA 4.7 NE","PHILADELPHIA",149,-75.08,40.06,M,M,0.0,0.0,0.0,0.0,0.0,M,0.0,0.0,T,0.0,0.0,3.0,M,M,0.0,0.0,M,0.0,0.0,0.0,0.0,0.0,M
USC00366886,"PHILADELPHIA FRANKLIN INSTITUTE","PHILADELPHIA",60,-75.17,39.96,0.0,0.0,0.0,0.0,0.0,0.0,0.0,0.0,0.0,0.0,0.0,0.0,0.0,4.0,4.0,0.0,0.0,0.0,0.0,0.0,0.0,0.0,M,M,M
USW00013739,"PHILADELPHIA INTL AP","PHILADELPHIA",10,-75.23,39.87,0.0,0.0,T,0.0,0.0,0.0,0.0,0.0,0.0,1.0,0.0,0.0,1.2,4.8,T,0.0,0.0,0.0,0.0,0.0,0.0,0.0,M,M,M
USC00366921,"PHILIPSBURG 2 S","CENTRE",1720,-78.22,40.87,M,0.3,0.0,0.9,M,M,M,M,M,4.1,1.7,0.0,M,3.1,3.6,0.2,M,0.0,1.3,M,M,0.1,M,M,M
US1PACH0035,"PHOENIXVILLE 2.9 W","CHESTER",172,-75.57,40.14,M,M,M,M,M,M,M,M,M,T,M,M,M,6.7,M,M,M,M,M,M,M,M,M,M,M
USC00366955,"PINE GROVE FURNACE","CUMBERLAND",885,-77.30,40.03,0.0,0.0,0.0,0.0,M,0.0,0.0,0.0,0.0,3.8,0.0,0.0,0.0,M,M,M,M,M,2.0,0.0,0.0,M,0.0,0.0,M
USW00094823,"PITTSBURGH ASOS","ALLEGHENY",1203,-80.21,40.48,0.0,0.3,T,0.0,0.0,0.0,0.0,0.0,0.7,3.2,T,T,0.0,1.2,1.8,T,2.5,T,0.0,0.0,0.0,T,M,M,M
USC00367029,"PLEASANT MOUNT 1 W","WAYNE",1799,-75.45,41.74,0.0,0.0,0.3,0.0,M,0.0,0.0,M,0.0,0.9,1.2,0.0,M,M,M,M,0.0,M,1.0,M,0.0,0.0,0.0,0.0,M
US1PAFY0002,"POINT MARION 1.0 SE","FAYETTE",1150,-79.89,39.72,0.0,0.0,0.6,0.2,0.0,0.0,0.0,0.0,0.0,3.8,0.3,0.0,0.0,0.2,1.4,0.0,0.0,0.0,0.0,0.0,0.0,0.0,0.0,0.0,M
USC00367073,"POINT MARION LOCK 8","GREENE",810,-79.91,39.73,M,0.0,0.5,0.0,0.0,0.0,0.0,0.0,0.0,0.0,0.0,0.0,0.0,0.0,0.0,0.0,0.0,0.0,0.0,0.0,0.0,0.0,0.0,0.0,M
USC00367103,"PORT ALLEGANY","MCKEAN",1475,-78.29,41.82,0.0,M,0.0,1.0,0.0,0.0,0.0,0.0,0.0,0.8,0.4,0.5,0.0,2.1,2.0,3.1,0.0,0.0,0.0,0.0,0.0,0.0,0.0,0.0,M
US1PACN0018,"PORT MATILDA 2.2 ESE","CENTRE",1375,-78.01,40.79,0.0,T,T,0.7,0.0,0.0,0.0,0.0,0.0,4.0,0.5,T,T,4.5,4.5,1.1,T,0.1,1.6,T,0.0,T,T,0.0,M
USC00367167,"PRINCE GALLITZIN ST PARK","CAMBRIA",1520,-78.56,40.65,0.0,0.0,3.0,0.1,0.0,M,M,0.0,0.0,5.0,3.0,0.0,0.0,1.9,2.4,0.5,0.0,0.0,2.8,0.0,0.0,0.0,0.0,0.0,M
US1PAWN0035,"PROMPTON - 25","WAYNE",1196,-75.34,41.58,0.0,M,0.0,M,0.0,0.0,M,M,0.0,M,M,0.0,0.0,M,M,M,0.0,0.0,M,0.0,0.0,M,0.0,0.0,M
USC00367186,"PROMPTON DAM","WAYNE",1230,-75.33,41.59,M,M,M,M,M,M,M,M,M,2.0,M,M,M,7.0,23.0,M,M,M,M,M,M,M,0.0,M,M
USC00367229,"PUTNEYVILLE 2 SE DAM","ARMSTRONG",1280,-79.28,40.92,0.0,M,M,M,0.0,0.0,0.0,0.0,0.0,4.0,M,0.0,0.0,0.5,0.5,0.0,0.0,0.0,0.0,0.0,0.0,0.0,M,M,M
US1PABD0005,"RAINSBURG 5.0 NNW","BEDFORD",1270,-78.56,39.96,M,0.0,M,M,0.0,0.0,0.0,0.0,0.0,0.3,M,0.0,0.0,10.3,M,M,0.0,0.0,0.0,0.0,0.0,0.0,0.0,0.0,M
US1PABD0004,"RAINSBURG 9.0 SSE","BEDFORD",1198,-78.43,39.78,0.0,T,0.5,0.1,0.0,0.0,0.0,0.0,0.0,0.4,M,T,0.0,9.5,1.0,T,T,0.3,T,T,0.0,0.0,0.0,0.0,M
US1PABR0008,"READING 1.2 SW","BERKS",210,-75.94,40.33,M,M,0.0,M,0.0,0.0,M,M,0.0,M,0.0,0.0,0.0,M,M,0.0,0.0,0.0,M,0.0,M,M,M,M,M
US1PABR0017,"READING 3.5 NNW","BERKS",268,-75.94,40.39,M,0.0,M,M,0.0,M,M,M,M,M,M,M,M,M,M,M,M,M,M,M,M,M,M,M,M
US1PABR0002,"READING 3.5 SW","BERKS",320,-75.99,40.32,0.0,0.0,0.0,0.1,0.0,0.0,0.0,0.0,0.0,0.1,2.9,0.0,0.0,9.0,2.8,T,0.0,T,0.2,0.0,0.0,0.0,0.0,0.0,M
US1PABR0029,"READING 4.7 WSW","BERKS",457,-76.01,40.31,0.0,0.0,0.0,0.1,0.0,0.0,0.0,0.0,0.0,0.7,3.8,0.0,0.0,9.0,3.0,T,0.0,0.3,T,0.0,0.0,0.0,0.0,0.0,M
USW00014712,"READING SPAATZ FIELD","BERKS",341,-75.97,40.37,0.0,0.0,M,M,M,0.0,M,M,M,M,M,M,0.0,2.0,0.0,0.0,0.0,M,0.0,M,0.0,0.0,M,M,M
USC00367409,"RENOVO","CLINTON",660,-77.74,41.33,0.0,0.0,0.0,0.0,0.0,0.0,0.0,0.0,0.0,1.0,0.0,0.0,0.0,2.5,3.5,0.5,0.0,0.0,0.0,0.0,0.0,0.0,0.0,0.0,M
USC00367477,"RIDGWAY","ELK",1360,-78.75,41.42,0.0,0.9,0.0,0.5,0.0,0.0,0.0,0.0,0.0,1.0,1.5,M,0.0,1.0,1.0,1.0,0.0,0.0,0.0,0.0,0.0,0.0,0.0,0.0,M
US1PAAL0039,"ROBINSON TOWNSHIP 2.2 WNW","ALLEGHENY",1067,-80.17,40.47,M,M,M,M,M,M,M,M,M,2.0,M,M,M,M,M,M,M,0.5,M,M,M,M,M,M,M
US1PAPH0002,"ROCKLEDGE 1.3 SE","PHILADELPHIA",153,-75.07,40.07,M,M,0.0,M,M,0.0,M,M,M,M,2.5,0.0,M,3.5,T,T,M,0.0,T,M,M,M,0.0,0.0,M
US1PAPT0002,"ROULETTE 1.8 NNE","POTTER",1625,-78.14,41.81,0.0,0.5,0.0,0.5,T,0.0,0.0,0.0,0.0,0.5,0.5,0.5,0.0,2.0,5.5,0.5,0.0,T,T,0.0,0.0,T,0.0,0.0,M
USC00367732,"SAFE HARBOR DAM","LANCASTER",195,-76.39,39.90,0.0,0.0,0.0,M,0.0,0.0,0.0,0.0,0.0,0.0,0.0,0.0,0.0,6.0,1.0,0.0,0.0,0.0,0.0,0.0,0.0,0.0,0.0,0.0,M
USC00367782,"SALINA 3 W","WESTMORELAND",1109,-79.55,40.51,0.0,0.0,0.2,0.0,0.0,0.0,0.0,0.0,0.0,2.0,0.2,0.0,0.0,0.0,1.0,2.0,0.0,1.0,0.0,0.0,0.0,0.0,0.0,0.0,M
US1PALN0013,"SALUNGA-LANDISVILLE 1.1 SSE","LANCASTER",397,-76.41,40.08,M,M,0.0,T,0.0,0.0,M,M,0.0,1.0,T,0.0,0.0,8.5,1.0,T,0.0,M,M,0.0,M,0.0,0.0,0.0,M
US1PAMR0011,"SANDY LAKE 1.8 ENE","MERCER",1329,-80.05,41.35,M,M,0.8,1.0,0.0,0.0,M,M,0.0,2.5,1.0,0.0,T,T,2.0,0.7,0.0,M,M,M,M,0.0,0.0,M,M
US1PAMN0011,"SAYLORSBURG 2.7 ENE","MONROE",1097,-75.37,40.90,0.0,M,0.0,T,0.0,0.0,M,M,0.0,3.0,T,0.0,0.0,M,M,1.0,0.0,T,T,0.0,0.0,0.0,M,M,M
US1PAMN0013,"SAYLORSBURG 2.8 W","MONROE",1113,-75.37,40.90,0.0,M,0.0,M,0.0,0.0,M,M,0.0,2.7,0.6,0.0,0.0,8.1,5.8,1.9,0.0,M,M,0.0,0.0,0.0,0.0,0.0,M
US1PAMN0014,"SAYLORSBURG 4.0 W","MONROE",962,-75.40,40.89,M,M,0.0,M,M,0.0,M,M,M,2.2,M,0.0,0.0,8.6,11.6,M,0.0,0.0,M,0.0,0.0,0.0,0.0,0.0,M
US1PABF0014,"SAYRE 2.8 WNW","BRADFORD",801,-76.57,42.00,M,M,T,M,0.0,M,M,M,M,M,M,M,M,M,M,M,M,M,M,M,M,M,M,M,M
US1PABD0007,"SCHELLSBURG 2.6 WNW","BEDFORD",1539,-78.69,40.07,M,M,M,M,M,M,M,0.0,M,2.0,1.0,M,0.0,8.0,8.0,T,M,M,M,0.0,0.0,M,M,0.0,M
USC00367863,"SCHENLEY LOCK 5","ARMSTRONG",783,-79.67,40.68,0.0,0.0,0.5,0.0,0.0,0.0,0.0,0.0,0.0,1.2,0.0,0.0,0.0,0.0,0.1,1.0,0.0,0.0,M,0.0,0.0,0.0,0.0,0.0,M
US1PALH0017,"SCHNECKSVILLE 1.7 ENE","LEHIGH",655,-75.59,40.68,M,M,M,M,M,M,M,M,M,1.5,1.9,M,M,8.5,5.5,M,M,M,M,M,M,M,M,M,M
US1PALH0005,"SCHNECKSVILLE 2.7 SW","LEHIGH",472,-75.65,40.65,0.0,M,0.0,T,0.0,0.0,M,M,0.0,0.7,4.3,0.0,0.0,8.0,6.0,0.5,0.0,T,0.3,0.0,M,0.0,0.0,0.0,M
US1PAAL0031,"SCOTT TOWNSHIP 1.3 NW","ALLEGHENY",810,-80.10,40.40,M,M,M,M,M,M,M,M,M,2.1,M,M,M,M,M,M,M,M,M,M,M,M,M,M,M
US1PALC0017,"SCRANTON 1.5 ESE","LACKAWANNA",1162,-75.64,41.39,M,M,0.0,M,M,M,M,M,M,M,M,M,M,M,M,M,M,M,M,M,M,T,T,0.0,M
US1PALC0022,"SCRANTON 1.6 NNE","LACKAWANNA",727,-75.65,41.42,M,M,M,T,M,0.0,M,M,0.0,2.4,4.4,M,0.0,10.4,17.3,2.1,M,M,M,M,0.0,M,0.0,M,M
USC00367931,"SELINSGROVE 2 S","SNYDER",420,-76.86,40.78,0.0,0.0,0.0,0.0,0.0,0.0,0.0,0.0,0.0,1.6,0.7,0.0,0.0,8.4,8.6,0.0,0.0,0.0,0.6,0.0,0.0,0.0,0.0,0.0,M
US1PASN0002,"SELINSGROVE 2.6 WNW","SNYDER",586,-76.91,40.82,0.0,0.0,0.0,T,0.0,0.0,0.0,0.0,0.0,3.0,T,0.0,T,8.9,8.9,T,0.0,0.2,1.4,0.0,0.0,0.0,0.0,0.0,M
USC00367938,"SELLERSVILLE","BUCKS",340,-75.32,40.36,0.0,0.0,0.0,0.0,0.0,0.0,0.0,0.0,0.0,0.1,2.4,0.0,0.0,6.1,1.7,0.0,0.0,0.0,0.0,0.0,0.0,0.0,0.0,0.0,M
US1PAVN0005,"SENECA 0.7 NNE","VENANGO",1507,-79.70,41.38,M,M,M,T,M,M,M,M,0.0,4.0,M,T,M,M,2.0,M,M,M,0.5,0.0,M,M,M,M,M
USC00368073,"SHIPPENSBURG","CUMBERLAND",680,-77.52,40.06,0.0,0.0,0.4,0.0,0.0,0.0,0.0,0.0,0.0,2.1,0.0,0.0,1.0,9.6,0.2,0.0,0.0,1.5,0.6,0.0,0.0,0.0,0.0,M,M
US1PAMT0020,"SKIPPACK 1.4 SSW","MONTGOMERY",233,-75.41,40.20,0.0,M,M,0.0,M,M,M,M,M,M,M,M,M,M,M,M,M,M,M,M,M,M,M,M,M
US1PAMT0085,"SKIPPACK 2.6 ESE","MONTGOMERY",210,-75.36,40.20,0.0,M,0.0,0.0,0.0,0.0,M,M,0.0,M,2.0,0.0,0.0,4.5,2.5,0.0,0.0,0.0,M,0.0,M,0.0,0.0,0.0,M
USC00368184,"SLIPPERY ROCK 1 SSW","BUTLER",1250,-80.06,41.06,0.0,0.1,2.8,1.0,0.0,0.0,0.0,0.0,0.0,2.9,0.4,0.0,0.0,0.0,1.8,0.1,0.0,0.4,0.2,0.0,0.0,0.0,0.0,0.0,M
USC00368244,"SOMERSET","SOMERSET",2100,-79.08,40.00,M,0.0,3.4,2.2,M,M,M,M,M,4.7,3.5,M,0.0,3.2,4.0,1.5,0.0,1.3,0.0,M,M,M,M,M,M
US1PAAL0003,"SOUTH FAYETTE 2 SE","ALLEGHENY",937,-80.12,40.34,M,M,M,T,0.0,0.0,0.0,M,M,M,M,M,T,0.0,M,M,M,M,M,M,M,M,M,M,M
USC00368308,"SOUTH MOUNTAIN","FRANKLIN",1520,-77.48,39.86,M,M,M,0.0,M,M,M,M,M,2.5,2.0,M,M,M,1.5,M,M,0.0,2.1,M,M,M,M,M,M
USC00368361,"SPRINGBORO 3 WNW","CRAWFORD",1005,-80.42,41.82,0.0,1.0,3.0,1.0,0.0,0.0,0.0,0.0,0.0,0.5,0.1,0.2,0.3,4.0,9.8,0.2,0.0,M,T,0.0,M,0.0,0.0,0.0,M
USC00368400,"SPRINGTOWN 1 NNE","BUCKS",860,-75.28,40.57,0.0,0.0,0.0,0.0,0.0,0.0,0.0,0.0,0.0,1.2,3.8,0.0,0.0,7.3,7.7,0.0,0.0,0.0,0.5,0.0,0.0,0.0,0.0,0.0,M
US1PAEL0001,"ST. MARYS 1.7 SE","ELK",1817,-78.53,41.41,0.0,0.8,T,1.7,T,0.0,0.0,0.0,0.0,3.4,1.2,0.1,0.6,1.1,1.4,2.9,1.1,T,1.3,T,0.0,T,T,0.0,M
US1PASS0012,"STANFORDVILLE 0.4 SE","SUSQUEHANNA",1012,-75.83,41.95,0.0,M,0.3,0.3,T,0.0,M,M,M,0.0,0.8,0.3,T,4.7,24.0,3.0,0.0,0.0,0.4,0.0,0.0,0.1,T,0.0,M
US1PAWN0010,"STARRUCCA - 27","WAYNE",1329,-75.47,41.90,0.0,M,M,M,M,0.0,M,M,0.0,0.0,M,0.0,0.0,M,27.0,M,0.0,M,0.0,0.0,0.0,M,0.0,0.0,M
USC00368449,"STATE COLLEGE","CENTRE",1170,-77.87,40.79,0.0,0.0,0.0,0.9,0.0,0.0,0.0,0.0,0.0,3.0,1.4,0.0,0.0,6.3,3.8,M,0.0,0.0,M,0.0,0.0,0.0,0.0,0.0,M
US1PACN0003,"STATE COLLEGE 2.4 ENE","CENTRE",1096,-77.82,40.81,0.0,T,T,0.5,0.0,0.0,0.0,0.0,0.0,5.0,0.2,0.0,T,7.5,2.1,0.1,T,T,1.2,0.0,0.0,T,0.0,0.0,M
US1PACN0005,"STATE COLLEGE 2.6 NW","CENTRE",1235,-77.90,40.82,0.0,T,T,1.0,0.0,0.0,0.0,0.0,0.0,3.9,0.6,T,T,6.5,2.2,0.3,T,T,1.3,0.0,0.0,0.1,0.0,0.0,M
US1PAWN0004,"STERLING - 22","WAYNE",890,-75.45,41.28,M,M,0.0,M,0.0,0.0,M,M,0.0,6.0,2.0,T,M,11.5,15.5,0.5,M,M,0.5,M,M,M,M,M,M
USC00368469,"STEVENSON DAM","CAMERON",932,-78.02,41.40,0.0,0.0,0.0,0.1,0.0,0.0,0.0,0.0,0.0,1.0,0.2,0.0,0.0,2.2,3.5,0.0,0.0,M,0.0,0.0,0.0,0.0,0.0,0.0,M
USC00368596,"STROUDSBURG","MONROE",460,-75.19,41.01,M,M,0.1,0.0,M,M,M,M,M,M,M,0.0,0.7,M,M,M,0.0,M,M,M,M,M,M,M,M
US1PAMN0007,"STROUDSBURG 5.1 W","MONROE",835,-75.30,40.99,0.0,0.0,0.0,0.0,0.0,0.0,0.0,0.0,0.0,M,M,0.0,0.0,M,M,T,0.0,0.0,0.0,0.0,0.0,T,0.0,0.0,M
USC00368668,"SUNBURY","NORTHUMBERLAND",575,-76.79,40.85,M,M,M,M,M,M,M,M,M,3.0,M,M,0.0,12.5,7.0,M,M,M,0.0,M,M,M,M,M,M
USC00368692,"SUSQUEHANNA","SUSQUEHANNA",910,-75.60,41.95,M,M,0.5,0.5,M,M,M,M,M,0.0,0.0,0.0,M,7.0,19.0,2.2,2.2,M,2.2,M,M,1.4,M,M,M
USC00368763,"TAMAQUA 4 N DAM","SCHUYLKILL",1140,-76.00,40.85,0.0,M,M,0.0,0.0,0.0,0.0,0.0,0.0,3.0,M,0.0,0.0,15.0,2.0,0.0,0.0,0.0,0.0,0.0,0.0,M,0.0,M,M
US1PAJF0002,"TIMBLIN 0.1 S","JEFFERSON",1250,-79.20,40.96,M,T,0.5,T,0.0,0.0,M,M,0.0,5.5,5.5,0.0,0.0,0.5,1.5,T,0.0,M,M,M,M,0.0,M,M,M
USC00368868,"TIOGA HAMMOND DAM","TIOGA",1230,-77.14,41.90,M,M,M,M,M,M,M,M,M,M,1.0,0.0,0.0,3.0,5.0,0.0,0.0,M,1.0,0.0,M,0.0,0.0,M,M
USC00368873,"TIONESTA 2 SE LAKE","FOREST",1200,-79.44,41.48,0.0,0.3,0.0,M,M,0.0,0.0,0.0,0.0,2.5,M,M,0.0,0.4,1.0,1.0,0.0,0.0,0.0,0.0,0.0,0.0,0.0,0.0,M
US1PAFR0001,"TIONESTA 7.3 SSE","FOREST",1602,-79.41,41.39,M,0.5,M,T,0.0,0.0,M,M,0.0,4.0,1.0,T,0.5,2.0,1.0,T,0.0,M,1.0,0.0,M,T,0.0,M,M
US1PAVN0011,"TITUSVILLE 6.3 SW","VENANGO",1299,-79.76,41.57,M,0.9,0.4,0.5,0.0,0.0,M,M,0.0,2.5,2.0,0.5,T,0.2,3.4,0.5,0.0,M,T,0.0,M,0.3,0.0,0.0,M
USC00368888,"TITUSVILLE WATER WORKS","CRAWFORD",1220,-79.69,41.63,0.0,1.0,0.0,1.0,0.0,0.0,0.0,0.0,0.0,2.0,2.0,0.3,0.0,1.0,3.0,2.0,0.0,0.0,0.0,0.0,0.0,0.0,0.0,0.0,M
USC00368905,"TOWANDA 1 S","BRADFORD",760,-76.44,41.75,M,M,M,0.0,0.0,M,M,M,M,0.2,0.1,0.4,M,9.3,18.8,1.4,M,M,0.0,M,M,0.0,M,M,M
US1PABF0006,"TOWANDA 4.6 NNE","BRADFORD",1257,-76.42,41.84,0.0,M,0.0,M,M,M,M,M,M,M,M,M,M,17.0,11.0,3.0,0.0,0.0,0.4,0.0,0.0,T,M,0.0,M
US1PAWY0002,"TUNKHANNOCK 4.0 NW","WYOMING",1043,-76.01,41.58,M,M,M,M,0.0,0.0,M,M,0.0,0.0,M,0.0,0.0,0.0,M,0.0,M,0.0,0.0,0.0,M,0.0,0.0,0.0,M
US1PAWY0001,"TUNKHANNOCK 4.2 NNW","WYOMING",1400,-75.97,41.60,M,0.0,0.0,0.0,0.0,0.0,M,0.0,0.0,1.5,0.0,0.0,0.0,24.0,1.0,0.0,0.0,0.0,0.0,0.0,M,M,M,M,M
USC00369022,"TYRONE","BLAIR",890,-78.22,40.66,M,M,M,0.0,M,M,M,M,M,1.0,M,M,M,4.0,0.0,M,M,M,1.0,M,0.0,0.0,0.0,M,M
US1PAFY0009,"UNIONTOWN 1.7 NNE","FAYETTE",1074,-79.71,39.92,M,T,M,0.0,0.0,M,M,M,0.0,2.2,M,0.0,0.0,1.0,0.5,M,M,M,M,0.0,M,0.0,0.0,M,M
US1PACH0011,"UNIONVILLE 2.2 NE","CHESTER",333,-75.70,39.92,M,M,0.0,M,0.0,0.0,M,M,0.0,0.2,M,0.0,0.0,7.0,M,M,0.0,M,M,0.0,M,0.0,0.0,0.0,M
US1PAYR0008,"VALLEY GREEN 0.8 ENE","YORK",400,-76.78,40.16,M,M,M,M,M,M,M,M,M,M,M,M,M,8.5,11.0,M,M,M,M,M,M,M,M,M,M
US1PAWS0008,"VENETIA 0.7 WNW","WASHINGTON",1206,-80.05,40.25,M,M,M,M,M,M,M,M,M,3.0,M,M,0.0,M,M,M,0.0,M,M,M,M,M,M,M,M
USC00369270,"WARFORDSBURG 2W","FULTON",890,-78.24,39.77,M,M,0.5,M,M,M,M,M,M,M,M,M,M,8.0,3.0,M,M,M,M,M,0.0,0.0,0.0,M,M
USC00369298,"WARREN","WARREN",1210,-79.15,41.85,M,0.5,0.0,2.8,0.0,0.0,0.0,0.0,M,0.9,1.0,0.5,0.0,0.6,3.0,5.3,0.0,0.0,0.0,0.0,0.0,0.2,0.0,M,M
USC00369367,"WAYNESBURG 1 E","GREENE",940,-80.17,39.90,0.0,M,0.5,0.0,0.0,0.0,0.0,M,0.0,2.0,0.2,0.0,0.0,0.0,0.3,0.1,M,0.0,0.0,0.0,0.0,0.0,0.0,0.0,M
USC00369408,"WELLSBORO 4 SW","TIOGA",1817,-77.39,41.70,0.0,0.0,0.0,0.4,0.3,0.0,0.0,0.0,0.0,0.0,0.8,0.4,0.0,2.8,4.3,0.4,0.0,0.2,2.4,0.0,0.0,0.0,0.0,0.0,M
US1PABR0009,"WERNERSVILLE 0.5 ESE","BERKS",410,-76.07,40.33,M,0.0,0.0,0.0,0.0,0.0,M,M,M,M,M,M,M,M,M,M,M,M,M,M,M,M,M,M,M
US1PACH0021,"WEST CHESTER 1.8 SE","CHESTER",429,-75.58,39.94,M,M,0.0,T,0.0,0.0,M,M,0.0,M,2.1,0.0,0.0,4.0,1.9,T,0.0,M,M,0.0,M,0.0,0.0,0.0,M
USC00369464,"WEST CHESTER 2 NW","CHESTER",375,-75.64,39.97,M,M,M,M,0.0,0.0,0.0,0.0,M,0.1,0.8,0.0,0.0,5.0,M,M,0.0,0.0,0.0,0.0,0.0,0.0,0.0,0.0,M
US1PACH0009,"WEST CHESTER 2.4 SSE","CHESTER",354,-75.60,39.93,M,M,0.0,T,0.0,0.0,M,M,0.0,M,2.7,M,0.0,4.5,0.5,T,0.0,M,M,0.0,M,0.0,0.0,M,M
US1PACH0023,"WEST GROVE 2.6 W","CHESTER",529,-75.88,39.82,M,M,0.0,M,0.0,0.0,M,M,M,M,M,M,0.0,M,5.5,0.0,0.0,0.0,0.0,0.0,M,0.0,0.0,0.0,M
US1PALZ0006,"WEST HAZLETON 3.2 NNE","LUZERNE",1115,-76.00,41.02,0.0,0.0,0.2,T,0.0,0.0,0.0,0.0,T,4.6,T,T,0.5,19.5,0.7,0.0,0.0,0.5,0.0,0.0,0.0,0.0,0.0,M,M
US1PALZ0023,"WHITE HAVEN 1.5 NW","LUZERNE",1342,-75.80,41.07,M,M,0.0,T,M,0.0,M,M,0.0,M,M,M,0.0,M,M,M,0.0,0.0,0.0,0.0,M,M,M,0.0,M
US1PALZ0022,"WILKES-BARRE 5.2 SE","LUZERNE",1893,-75.81,41.19,M,M,0.0,T,M,M,M,M,M,6.9,2.0,M,0.0,13.5,19.0,3.0,0.0,M,M,0.0,M,M,M,0.0,M
USW00014777,"WILKES-BARRE SCRANTON INTL AP","LUZERNE",930,-75.73,41.33,0.0,0.0,T,T,0.0,0.0,0.0,0.0,T,6.5,T,M,0.3,22.1,1.5,0.0,0.0,0.2,0.0,M,0.0,T,M,M,M
USC00369714,"WILLIAMSBURG","BLAIR",845,-78.20,40.47,M,M,0.0,0.0,M,M,M,M,M,1.5,0.0,M,M,7.0,0.0,0.0,M,M,M,M,0.0,0.0,0.0,M,M
US1PALY0002,"WILLIAMSPORT 2.0 NE","LYCOMING",584,-77.01,41.26,0.0,0.0,0.0,0.1,M,M,M,M,M,M,M,M,M,14.8,2.5,M,0.0,0.2,1.2,0.0,0.0,T,0.0,0.0,M
USW00014778,"WILLIAMSPORT REGIONAL AP","LYCOMING",520,-76.92,41.24,0.0,0.0,T,T,0.0,0.0,0.0,0.0,T,2.8,M,T,T,18.3,0.1,0.0,0.0,0.4,1.0,0.0,0.0,T,M,M,M
USC00369823,"WOLFSBURG","BEDFORD",1185,-78.53,40.04,0.0,0.0,0.7,0.4,0.0,0.0,0.0,0.0,0.0,1.6,0.6,0.0,0.0,9.2,1.8,0.4,0.0,0.4,0.0,0.0,0.0,0.0,0.0,0.0,M
US1PABF0005,"WYALUSING 2.8 SSW","BRADFORD",1076,-76.27,41.63,0.0,0.0,M,M,M,M,M,M,M,0.5,0.8,M,M,7.0,26.0,7.0,M,M,M,M,M,M,0.0,M,M
US1PAMT0089,"WYNCOTE 0.3 ENE","MONTGOMERY",277,-75.14,40.09,M,0.0,0.0,M,0.0,0.0,M,M,0.0,M,M,0.0,M,6.0,M,0.0,0.0,0.0,M,0.0,0.0,0.0,0.0,0.0,M
US1PAPH0006,"WYNDMOOR 3.0 SSW","PHILADELPHIA",192,-75.22,40.05,M,M,0.0,M,0.0,0.0,M,M,0.0,M,M,0.0,0.0,M,M,T,0.0,0.0,M,0.0,M,0.0,0.0,0.0,M
USC00369900,"WYOMING COUNTY EOC","WYOMING",693,-75.93,41.54,M,M,M,M,M,M,M,M,M,M,M,M,M,10.0,12.0,M,M,M,M,M,M,M,M,M,M
US1PABR0014,"WYOMISSING 0.3 SW","BERKS",340,-75.97,40.33,M,M,M,M,0.0,0.0,M,M,0.0,M,M,0.0,0.0,M,M,M,0.0,M,M,0.0,M,0.0,0.0,0.0,M
US1PAYR0017,"YORK 2.5 NNW","YORK",415,-76.75,40.00,M,M,0.0,T,0.0,0.0,M,M,0.0,T,2.0,0.0,0.0,7.0,4.0,T,0.0,M,1.0,0.0,M,0.0,0.0,0.0,M
USC00369950,"YORK HAVEN","YORK",310,-76.71,40.11,0.0,0.0,0.0,0.0,0.0,0.0,0.0,M,0.0,0.0,M,0.0,0.0,8.0,7.0,0.2,0.0,0.0,0.0,0.0,0.0,0.0,0.0,0.0,M
US1PAAD0003,"YORK SPRINGS 0.7 SE","ADAMS",622,-77.11,40.00,0.0,0.0,0.0,0.0,0.0,0.0,0.0,0.0,0.0,1.0,1.4,0.0,0.0,11.5,4.6,0.0,0.0,0.1,3.0,0.0,0.0,0.0,0.0,0.0,M
