Virginia Snowfall, March 2017
"GHCN ID","Station Name",County,Elevation,Latitude,Longitude,"Mar 1","Mar 2","Mar 3","Mar 4","Mar 5","Mar 6","Mar 7","Mar 8","Mar 9","Mar 10","Mar 11","Mar 12","Mar 13","Mar 14","Mar 15","Mar 16","Mar 17","Mar 18","Mar 19","Mar 20","Mar 21","Mar 22","Mar 23","Mar 24","Mar 25"
USC00440021,"ABINGDON 3S","WASHINGTON",1924,-81.96,36.67,M,0.0,0.0,0.0,0.0,0.0,0.0,0.0,0.0,0.0,M,M,M,M,0.0,0.0,0.0,0.0,0.0,0.0,0.0,0.0,0.0,M,M
US1VAAB0006,"AFTON 5.4 ESE","ALBEMARLE",685,-78.74,38.01,M,M,0.0,0.0,0.0,0.0,0.0,M,0.0,0.0,0.0,0.0,0.0,M,0.0,0.0,0.0,M,M,0.0,M,0.0,0.0,0.0,M
USC00440079,"ALBERTA 5N","BRUNSWICK",376,-77.90,36.94,0.0,0.0,0.0,0.0,0.0,0.0,0.0,0.0,0.0,0.0,0.0,0.0,0.0,0.0,0.0,0.0,0.0,0.0,0.0,0.0,0.0,0.0,0.0,0.0,M
US1VAFX0063,"ALEXANDRIA 5.6 SSW","FAIRFAX",49,-77.09,38.73,M,M,M,0.0,0.0,0.0,M,M,M,M,M,0.0,0.0,2.3,M,0.0,0.0,M,M,M,M,0.0,0.0,0.0,M
USC00440243,"APPOMATTOX","APPOMATTOX",850,-78.83,37.33,0.0,0.0,0.0,0.0,0.0,0.0,0.0,0.0,0.0,0.0,0.0,0.0,0.0,0.0,0.0,0.0,0.0,0.0,0.0,0.0,0.0,0.0,0.0,0.0,M
US1VAAR0008,"ARLINGTON 0.3 E","ARLINGTON",269,-77.10,38.88,M,M,M,0.0,0.0,0.0,M,M,M,0.0,M,M,M,M,M,M,M,M,M,M,M,M,M,M,M
USC00440327,"ASHLAND","HANOVER",220,-77.48,37.75,0.0,0.0,0.0,0.0,0.0,0.0,0.0,0.0,0.0,0.0,0.0,0.0,0.0,0.1,0.0,0.0,0.0,0.0,0.0,0.0,0.0,0.0,0.0,M,M
USW00093775,"ASHLAND HANOVER COUNTY MUNICIPAL","HANOVER",205,-77.43,37.71,M,M,M,M,M,M,M,M,M,M,M,M,M,M,0.0,0.0,M,M,M,0.0,M,0.0,M,M,M
US1VAHV0006,"BEAVERDAM 4.3 ESE","HANOVER",259,-77.59,37.91,M,M,0.0,T,0.0,0.0,0.0,M,0.0,0.0,M,M,0.0,0.2,0.0,0.0,0.0,M,T,M,M,M,M,0.0,M
USC00440561,"BEDFORD 4 NW","BEDFORD",1228,-79.56,37.38,0.0,0.0,0.0,0.0,0.0,0.0,0.0,0.0,0.0,0.0,0.0,0.0,0.0,0.0,0.0,M,M,0.0,0.0,0.0,0.0,0.0,M,M,M
US1VACK0002,"BERRYVILLE 0.9 NNW","CLARKE",645,-77.99,39.16,0.0,0.0,0.2,0.0,0.0,0.0,0.0,0.0,0.0,0.0,0.0,0.0,0.0,6.0,0.0,0.0,0.0,0.0,0.0,0.0,0.0,0.0,0.0,0.0,M
US1VAMN0006,"BLACKSBURG 0.4 N","MONTGOMERY",2096,-80.43,37.24,0.0,0.0,0.0,0.1,0.0,0.0,0.0,0.0,0.0,0.0,0.0,0.0,0.0,1.0,M,0.0,0.0,M,M,M,M,M,M,M,M
US1VAMN0024,"BLACKSBURG 1.3 ESE","MONTGOMERY",2172,-80.41,37.23,M,M,M,M,0.0,0.0,0.0,M,0.0,0.0,M,0.0,0.0,1.1,M,0.0,0.0,M,M,0.0,M,0.0,0.0,0.0,M
US1VAMN0025,"BLACKSBURG 1.6 NNE","MONTGOMERY",2190,-80.42,37.25,0.0,0.0,0.0,0.0,0.0,0.0,0.0,0.0,0.0,0.0,0.0,0.0,0.0,1.0,0.0,0.0,0.0,0.0,0.0,0.0,M,0.0,0.0,0.0,M
US1VAMN0013,"BLACKSBURG 1.7 ESE","MONTGOMERY",2190,-80.40,37.22,M,M,0.0,M,0.0,0.0,0.0,M,0.0,M,0.0,0.0,0.0,M,M,0.0,0.0,M,M,M,M,0.0,0.0,M,M
US1VAMN0021,"BLACKSBURG 2.4 ENE","MONTGOMERY",1997,-80.39,37.25,M,M,M,M,0.0,0.0,M,M,0.0,0.0,M,0.0,0.0,1.0,0.2,0.0,M,M,M,M,M,M,0.0,M,M
US1VAMN0022,"BLACKSBURG 4.3 WSW","MONTGOMERY",1952,-80.50,37.22,M,M,M,M,M,M,M,M,0.0,M,M,0.0,0.0,1.8,T,0.0,0.0,M,M,0.0,M,0.0,0.0,0.0,M
US1VAMN0009,"BLACKSBURG 5.0 W","MONTGOMERY",1888,-80.52,37.22,M,M,0.0,M,0.0,0.0,0.0,M,M,M,M,0.0,0.0,1.5,T,0.0,0.0,M,M,0.0,M,0.0,0.0,0.0,M
USC00440766,"BLACKSBURG NWSO","MONTGOMERY",2102,-80.41,37.20,0.0,0.0,0.0,0.0,0.0,0.0,0.0,0.0,0.0,0.0,0.0,0.0,M,M,M,0.0,0.0,0.0,0.0,0.0,0.0,0.0,0.0,0.0,M
US1VAFR0006,"BOONES MILL 12.6 E","FRANKLIN",814,-79.72,37.14,M,M,0.0,0.0,0.0,0.0,0.0,M,0.0,0.0,M,0.0,0.0,M,0.0,0.0,0.0,M,M,0.0,M,0.0,0.0,0.0,M
US1VAFR0015,"BOONES MILL 5.5 E","FRANKLIN",1113,-79.85,37.13,M,M,0.0,M,0.0,0.0,0.0,M,0.0,0.0,0.0,0.0,0.0,M,M,0.0,0.0,M,M,0.0,M,0.0,0.0,0.0,M
US1VABR0002,"BRACEY 6.0 ESE","BRUNSWICK",205,-78.04,36.57,0.0,M,0.0,0.0,0.0,0.0,0.0,M,M,0.0,0.0,0.0,0.0,M,M,0.0,0.0,0.0,M,0.0,M,0.0,0.0,0.0,M
USC00440993,"BREMO BLUFF","FLUVANNA",225,-78.29,37.71,0.0,0.0,0.0,0.0,0.0,0.0,0.0,0.0,0.0,0.0,0.0,0.0,0.0,0.0,0.0,0.0,M,0.0,0.0,0.0,0.0,0.0,0.0,0.0,M
US1VAWH0005,"BRISTOL 6.7 W","WASHINGTON",1936,-82.29,36.60,M,M,M,M,M,M,M,M,0.0,M,M,M,M,M,M,M,M,M,M,M,M,0.0,M,M,M
US1VAFQ0013,"BROAD RUN 2.8 SSW","FAUQUIER",649,-77.73,38.78,M,0.0,0.2,M,0.0,0.0,M,M,0.0,0.0,M,0.0,0.0,4.5,T,0.0,M,M,M,M,M,0.0,M,0.0,M
USC00441082,"BROOKNEAL","CAMPBELL",408,-78.95,37.07,0.0,0.0,M,0.0,0.0,0.0,0.0,0.0,0.0,0.0,0.0,0.0,0.0,0.0,0.0,0.0,0.0,0.0,0.0,0.0,0.0,0.0,0.0,0.0,M
USC00441136,"BUCKINGHAM","BUCKINGHAM",580,-78.53,37.51,0.0,M,0.0,0.0,0.0,0.0,0.0,0.0,0.0,0.0,0.0,0.0,0.0,M,M,M,M,M,M,0.0,0.0,0.0,M,M,M
USC00441159,"BUENA VISTA","ROCKBRIDGE",840,-79.36,37.73,0.0,0.0,0.0,0.0,0.0,0.0,0.0,0.0,0.0,0.0,0.0,0.0,0.0,1.0,0.0,0.0,0.0,0.0,0.0,0.0,0.0,0.0,0.0,0.0,M
USC00441209,"BURKES GARDEN","TAZEWELL",3067,-81.34,37.09,0.0,0.0,0.0,0.0,0.0,0.0,0.0,0.0,0.0,0.0,0.0,0.0,0.0,1.4,4.0,M,0.0,0.0,0.7,0.0,0.0,0.0,0.0,0.0,M
US1VARN0001,"CAVE SPRING 2.4 SSW","ROANOKE",1571,-80.02,37.19,M,M,0.0,M,0.0,0.0,0.0,M,0.0,0.0,0.0,0.0,0.0,M,M,0.0,0.0,M,M,0.0,M,0.0,0.0,0.0,M
USC00441593,"CHARLOTTESVILLE 2W","ALBEMARLE",866,-78.52,38.03,0.0,0.0,0.0,0.0,0.0,0.0,0.0,0.0,0.0,0.0,0.0,0.0,0.0,0.7,0.0,0.0,0.0,0.0,0.0,0.0,0.0,0.0,0.0,0.0,M
US1VAAB0010,"CHARLOTTESVILLE 8.4 W","ALBEMARLE",779,-78.64,38.02,M,M,0.0,0.0,M,0.0,0.0,M,M,M,M,M,M,M,M,M,M,M,M,M,M,M,M,M,M
USC00441614,"CHATHAM","PITTSYLVANIA",651,-79.41,36.82,0.0,0.0,0.0,0.0,0.0,0.0,0.0,0.0,0.0,0.0,0.0,0.0,0.0,0.0,0.0,0.0,0.0,0.0,0.0,0.0,0.0,0.0,0.0,0.0,M
US1VACSC004,"CHESAPEAKE 9.8 NW","CHESAPEAKE",14,-76.41,36.79,0.0,M,0.0,0.0,0.0,M,M,M,M,M,M,M,M,M,M,M,M,M,M,0.0,M,M,M,M,M
US1VACS0021,"CHESTERFIELD 3.2 SSW","CHESTERFIELD",195,-77.53,37.33,0.0,M,0.0,0.0,0.0,0.0,M,M,0.0,0.0,M,0.0,0.0,M,M,M,M,M,M,0.0,M,0.0,0.0,0.0,M
US1VACS0020,"CHESTERFIELD 8.5 WSW","CHESTERFIELD",369,-77.64,37.33,M,M,0.0,0.0,0.0,0.0,0.0,M,0.0,0.0,0.0,0.0,0.0,M,M,0.0,0.0,M,M,0.0,0.0,0.0,0.0,M,M
US1VAAC0010,"CHINCOTEAGUE 1.3 SSW","ACCOMACK",3,-75.37,37.93,M,M,0.0,M,0.0,0.0,0.0,M,0.0,0.0,M,0.0,0.0,M,M,0.0,0.0,M,M,M,0.0,M,0.0,0.0,M
USC00441692,"CHRISTIANSBURG","MONTGOMERY",2100,-80.40,37.13,M,0.0,0.0,0.0,0.0,0.0,0.0,0.0,0.0,0.0,0.0,0.0,0.0,1.0,0.0,0.0,0.0,0.0,0.0,0.0,0.0,0.0,0.0,0.0,M
US1VAMN0005,"CHRISTIANSBURG 1.1 ESE","MONTGOMERY",2148,-80.38,37.14,M,M,0.0,M,0.0,0.0,0.0,M,0.0,M,M,0.0,0.0,0.4,M,0.0,0.0,M,M,0.0,M,M,M,M,M
US1VAMN0004,"CHRISTIANSBURG 1.7 WNW","MONTGOMERY",2043,-80.43,37.15,M,M,M,M,0.0,0.0,0.0,0.0,0.0,M,M,M,M,0.7,M,M,M,M,M,M,M,M,M,M,M
US1VAMN0010,"CHRISTIANSBURG 2.9 NW","MONTGOMERY",2018,-80.44,37.17,M,M,M,0.0,0.0,0.0,0.0,M,0.0,0.0,M,0.0,0.0,M,M,0.0,0.0,M,M,0.0,M,0.0,0.0,M,M
USC00441746,"CLARKSVILLE","MECKLENBURG",330,-78.55,36.62,0.0,0.0,0.0,0.0,0.0,0.0,0.0,0.0,0.0,0.0,0.0,0.0,0.0,0.0,M,M,0.0,0.0,0.0,0.0,M,0.0,M,0.0,M
USC00441825,"CLINTWOOD 1 W","DICKENSON",1779,-82.49,37.15,0.0,0.0,1.0,M,M,0.0,0.0,0.0,M,M,M,M,M,0.0,2.0,0.0,M,M,M,M,M,M,M,M,M
USC00441955,"CONCORD 4 SSW","CAMPBELL",815,-78.96,37.28,0.0,0.0,0.0,0.0,0.0,0.0,0.0,0.0,0.0,0.0,0.0,0.0,0.0,0.0,0.0,0.0,0.0,0.0,0.0,0.0,0.0,0.0,0.0,0.0,M
USC00441999,"COPPER HILL","FLOYD",2689,-80.14,37.09,0.0,0.0,0.0,0.0,0.0,0.0,0.0,0.0,0.0,0.0,0.0,0.0,0.0,0.0,1.1,0.0,0.0,0.0,0.0,0.0,0.0,0.0,0.0,0.0,M
US1VAFL0002,"COPPER HILL 6.2 S","FLOYD",2565,-80.13,36.99,M,M,0.0,T,0.0,0.0,0.0,M,0.0,M,0.0,0.0,0.0,M,M,0.0,0.0,M,T,0.0,M,M,M,M,M
USC00442009,"CORBIN","CAROLINE",220,-77.37,38.20,M,M,M,M,M,M,M,M,M,M,M,M,M,0.5,0.0,M,M,M,M,M,M,M,M,M,M
US1VAAL0003,"COVINGTON 4.1 E","ALLEGHANY",1306,-79.92,37.78,0.0,0.0,T,T,0.0,0.0,0.0,0.0,0.0,0.0,0.0,0.0,0.0,2.0,T,T,0.0,T,0.0,0.0,0.0,0.0,0.0,0.0,M
USC00442044,"COVINGTON FILTER PLANT","ALLEGHANY",1244,-79.99,37.81,0.0,0.0,0.0,0.0,0.0,0.0,0.0,0.0,0.0,0.0,0.0,0.0,0.0,1.5,0.0,0.0,0.0,0.0,0.0,0.0,0.0,0.0,0.0,0.0,M
USC00442142,"CROZIER","GOOCHLAND",350,-77.88,37.67,0.0,0.0,0.0,0.0,0.0,0.0,0.0,0.0,0.0,0.0,0.0,0.0,0.0,0.0,0.0,0.0,0.0,0.0,0.0,0.0,0.0,0.0,0.0,0.0,M
USC00442208,"DALE ENTERPRISE","ROCKINGHAM",1358,-78.94,38.45,0.0,0.0,0.0,0.0,0.0,0.0,0.0,M,0.0,0.0,0.0,0.0,0.0,2.5,0.0,0.0,0.0,0.0,0.0,M,0.0,0.0,0.0,0.0,M
USW00013728,"DANVILLE REGIONAL AIRPORT","PITTSYLVANIA",571,-79.34,36.57,0.0,0.0,T,0.0,0.0,0.0,0.0,0.0,0.0,0.0,0.0,0.0,T,0.0,0.0,0.0,0.0,0.0,0.0,0.0,0.0,0.0,M,M,M
US1VAPC0005,"DISPUTANTA 6.3 NE","PRINCE GEORGE",120,-77.15,37.19,0.0,0.0,0.0,T,0.0,0.0,0.0,0.0,0.0,0.0,0.0,0.0,0.0,T,0.0,0.0,0.0,0.0,0.0,T,0.0,0.0,0.0,0.0,M
US1VACM0012,"EVINGTON 2.2 NE","CAMPBELL",814,-79.26,37.26,M,M,0.0,0.0,0.0,0.0,0.0,M,0.0,0.0,0.0,0.0,0.0,M,0.0,0.0,0.0,M,M,0.0,M,0.0,0.0,0.0,M
US1VAFX0064,"FALLS CHURCH 1.6 W","FAIRFAX",464,-77.20,38.89,M,M,T,M,M,M,M,M,M,M,M,M,M,3.3,T,0.0,M,M,T,T,M,M,M,M,M
US1VAPN0002,"FARMVILLE 1.0 SSW","PRINCE EDWARD",382,-78.40,37.28,M,M,0.0,T,0.0,0.0,0.0,M,0.0,M,M,0.0,0.0,M,M,M,0.0,M,M,0.0,M,M,0.0,0.0,M
US1VAFR0019,"FERRUM 1.9 SSW","FRANKLIN",1299,-80.03,36.90,M,M,0.0,0.0,0.0,0.0,0.0,M,0.0,M,0.0,0.0,0.0,M,M,0.0,0.0,M,M,0.0,0.0,0.0,0.0,0.0,M
US1VAFR0026,"FERRUM 2.7 SW","FRANKLIN",1270,-80.05,36.90,M,M,0.0,0.0,0.0,M,M,M,M,M,M,M,M,M,M,M,M,M,M,M,M,M,M,M,M
US1VABT0002,"FINCASTLE 1.9 NNW","BOTETOURT",1120,-79.88,37.53,M,M,T,T,0.0,0.0,M,M,0.0,M,0.0,0.0,0.0,0.1,T,0.0,0.0,M,M,0.0,M,0.0,0.0,M,M
US1VAFL0009,"FLOYD 5.2 NW","FLOYD",2285,-80.39,36.96,0.0,0.0,0.0,T,0.0,0.0,0.0,0.0,0.0,0.0,0.0,0.0,0.0,0.7,T,0.0,0.0,0.0,0.0,0.0,0.0,0.0,0.0,M,M
US1VAFX0033,"FRANCONIA 1.3 SSE","FAIRFAX",56,-77.14,38.75,0.0,0.0,0.0,0.0,0.0,0.0,0.0,0.0,0.0,0.0,0.0,0.0,0.0,2.0,T,0.0,0.0,0.0,0.0,0.0,M,M,M,M,M
US1VASP0002,"FREDERICKSBURG 5.2 SSW","SPOTSYLVANIA",216,-77.51,38.23,M,M,0.0,0.0,0.0,0.0,M,M,M,0.0,M,0.0,0.0,1.0,0.0,0.0,0.0,M,M,M,0.0,M,0.0,0.0,M
US1VASF0005,"FREDERICKSBURG 7.6 ESE","STAFFORD",61,-77.36,38.26,0.0,0.0,0.0,T,0.0,0.0,0.0,0.0,0.0,0.0,T,0.0,0.0,0.8,0.1,0.0,0.0,0.0,0.0,0.0,0.0,0.0,0.0,0.0,M
USC00443229,"FRONT ROYAL","WARREN",930,-78.18,38.90,M,M,M,M,M,M,M,M,M,M,M,M,M,5.0,M,M,M,M,M,M,M,M,M,M,M
US1VAPW0009,"GAINESVILLE 1.6 SE","PRINCE WILLIAM",309,-77.60,38.77,0.0,M,0.1,0.0,0.0,0.0,0.0,0.0,0.0,M,M,0.0,0.0,2.9,0.0,M,M,M,M,M,M,0.0,M,M,M
US1VACR0003,"GALAX 6.1 N","CARROLL",2530,-80.92,36.75,M,M,0.0,0.0,0.0,0.0,M,M,0.0,M,M,0.0,0.0,0.5,0.3,0.0,0.0,0.0,M,0.0,M,0.0,0.0,0.0,M
USC00443272,"GALAX WATER PLANT","CARROLL",2359,-80.92,36.65,0.0,0.0,0.0,0.0,0.0,0.0,0.0,0.0,0.0,0.0,0.0,0.0,0.0,0.0,0.0,M,0.0,0.0,0.0,0.0,0.0,0.0,0.0,0.0,M
US1VASC0001,"GATE CITY 6.2 NNE","SCOTT",1965,-82.54,36.72,0.0,0.0,T,0.0,0.0,0.0,0.0,0.0,0.0,0.0,0.0,0.0,0.0,0.0,0.5,0.0,0.0,0.0,0.0,0.0,M,0.0,0.0,0.0,M
USC00443310,"GATHRIGHT DAM","ALLEGHANY",1770,-79.95,37.95,0.0,0.0,0.0,0.0,0.0,0.0,0.0,0.0,0.0,0.0,0.0,0.0,0.0,2.8,0.0,0.0,0.0,0.0,0.0,0.0,0.0,0.0,0.0,0.0,M
US1VACM0003,"GLADYS 0.6 S","CAMPBELL",764,-79.07,37.15,M,M,0.0,0.0,0.0,0.0,0.0,M,0.0,M,0.0,0.0,0.0,M,0.0,0.0,0.0,M,M,0.0,M,M,M,M,M
USC00443375,"GLASGOW 1 SE","ROCKBRIDGE",737,-79.44,37.62,0.0,0.0,0.0,0.0,0.0,0.0,0.0,0.0,0.0,0.0,0.0,0.0,0.0,0.4,0.0,0.0,0.0,0.0,0.0,0.0,0.0,0.0,0.0,0.0,M
US1VAHR0006,"GLEN ALLEN 4.6 W","HENRICO",273,-77.57,37.66,0.0,0.0,0.0,T,0.0,0.0,0.0,0.0,0.0,0.0,0.0,0.0,0.0,T,T,0.0,0.0,0.0,T,0.0,0.0,0.0,0.0,0.0,M
US1VAGC0003,"GLOUCESTER COURTHOUSE 0.5 NW","GLOUCESTER",70,-76.53,37.42,M,M,0.0,0.0,0.0,0.0,0.0,M,M,0.0,0.0,0.0,0.0,0.0,M,0.0,M,M,M,M,M,M,M,M,M
US1VAGC0004,"GLOUCESTER COURTHOUSE 3.5 NNW","GLOUCESTER",74,-76.54,37.46,M,M,M,M,M,0.0,0.0,M,0.0,0.0,M,0.0,0.0,M,M,0.0,0.0,M,M,M,0.0,M,0.0,0.0,M
US1VABD0020,"GOODVIEW 1.7 NNE","BEDFORD",1011,-79.72,37.24,M,M,0.0,M,M,M,M,M,M,M,M,M,M,M,M,M,M,M,M,M,M,M,M,M,M
US1VALS0004,"GORDONSVILLE 10.4 S","LOUISA",462,-78.21,37.99,0.0,0.0,0.0,0.0,0.0,0.0,0.0,0.0,0.0,0.0,0.0,0.0,0.0,T,0.0,M,M,M,M,M,M,0.0,0.0,0.0,M
US1VAAC0008,"GREENBACKVILLE 0.4 WNW","ACCOMACK",2,-75.40,38.01,M,M,0.0,M,M,0.0,0.0,0.0,M,0.0,M,M,0.0,M,M,0.0,M,M,M,M,0.0,M,M,0.0,M
USC00443640,"GRUNDY","BUCHANAN",1170,-82.09,37.28,0.0,0.0,0.1,0.0,0.0,0.0,0.0,0.0,0.0,0.0,0.0,0.0,0.0,0.0,0.3,0.0,0.0,0.0,0.0,0.0,0.0,0.0,M,0.0,M
US1VAHMC004,"HAMPTON 7.2 W","HAMPTON",23,-76.42,37.05,0.0,M,0.0,0.0,M,0.0,0.0,0.0,M,0.0,M,0.0,0.0,M,M,0.0,0.0,M,M,M,M,M,M,M,M
US1VAHMC007,"HAMPTON 8.1 W","HAMPTON",22,-76.44,37.06,M,M,M,M,M,M,M,M,M,M,M,M,M,M,M,0.0,M,M,M,M,M,0.0,M,M,M
US1VAFR0002,"HARDY 5.7 SE","FRANKLIN",891,-79.73,37.18,M,0.0,M,M,M,M,M,M,M,M,M,M,M,M,M,M,M,M,M,M,M,M,M,M,M
US1VAFR0014,"HARDY 7.1 SE","FRANKLIN",895,-79.72,37.16,M,M,0.0,0.0,0.0,0.0,0.0,M,0.0,0.0,M,0.0,0.0,M,M,M,0.0,M,M,0.0,M,0.0,0.0,0.0,M
US1VAFR0013,"HARDY 7.8 SE","FRANKLIN",886,-79.71,37.15,M,M,0.0,0.0,0.0,0.0,0.0,M,M,M,M,M,0.0,M,0.0,0.0,0.0,M,M,0.0,M,0.0,0.0,0.0,M
US1VARH0004,"HARRISONBURG 0.8 NW","ROCKINGHAM",1373,-78.89,38.44,M,M,0.0,0.0,0.0,0.0,M,M,0.0,0.0,M,0.0,3.0,M,0.0,0.0,0.0,0.6,M,0.0,0.0,0.0,0.0,0.0,M
US1VARH0003,"HARRISONBURG 4.2 SSE","ROCKINGHAM",1316,-78.84,38.38,M,M,M,M,M,0.0,M,M,M,M,M,0.0,M,M,M,M,0.0,0.0,M,0.0,0.0,M,0.0,0.0,M
US1VAPW0015,"HAYMARKET 5.5 N","PRINCE WILLIAM",344,-77.62,38.89,M,M,M,0.0,0.0,0.0,0.0,M,0.0,M,M,0.0,0.0,3.5,0.0,0.0,0.0,M,M,0.0,M,0.0,0.0,0.0,M
US1VAFX0001,"HERNDON 3.3 S","FAIRFAX",390,-77.38,38.92,M,M,T,0.0,0.0,0.0,M,M,0.0,M,M,0.0,0.0,1.5,0.2,0.0,0.0,0.0,M,T,M,0.0,0.0,0.0,M
USC00444039,"HOLCOMB ROCK","BEDFORD",900,-79.40,37.54,M,M,0.0,0.0,0.0,0.0,0.0,M,0.0,0.0,0.0,0.0,0.0,T,M,0.0,0.0,M,0.0,0.0,M,0.0,0.0,0.0,M
USC00444101,"HOPEWELL","PRINCE GEORGE",40,-77.28,37.30,0.0,0.0,M,M,0.0,0.0,0.0,0.0,0.0,M,0.0,0.0,M,M,0.0,0.0,0.0,0.0,M,M,0.0,0.0,0.0,M,M
USC00444128,"HOT SPRINGS","BATH",2235,-79.83,38.00,0.0,0.0,0.0,0.0,0.0,0.0,0.0,0.0,0.0,0.0,0.0,0.0,0.0,3.0,0.0,0.0,0.0,0.0,0.0,0.0,0.0,0.0,0.0,0.0,M
USC00444148,"HUDDLESTON 4 SW","BEDFORD",898,-79.53,37.13,0.0,0.0,0.0,0.0,0.0,0.0,0.0,0.0,0.0,0.0,0.0,0.0,0.0,0.0,0.0,M,M,0.0,0.0,0.0,0.0,0.0,M,M,M
US1VAGR0003,"INDEPENDENCE 1.3 S","GRAYSON",2697,-81.16,36.60,M,M,0.0,T,0.0,0.0,M,M,0.0,M,M,M,M,0.3,T,M,M,M,T,0.0,M,M,M,0.0,M
US1VAST0005,"IVOR 1.0 SW","SOUTHAMPTON",88,-76.91,36.89,M,M,M,M,M,M,M,M,0.0,M,M,M,M,M,M,M,M,M,M,M,M,M,M,M,M
USC00444410,"JOHN FLANNAGAN LAKE","DICKENSON",1460,-82.34,37.23,0.0,0.0,0.0,M,M,M,M,M,M,M,M,M,0.0,0.0,1.1,0.0,M,M,M,M,M,M,0.0,0.0,M
US1VALE0002,"JONESVILLE 3.1 WSW","LEE",1388,-83.17,36.67,M,M,0.5,M,0.0,M,M,M,0.0,M,M,0.0,0.0,M,0.2,M,0.0,M,0.0,0.0,0.0,0.0,M,M,M
US1VAAB0012,"KESWICK 2.8 NE","ALBEMARLE",467,-78.33,38.05,M,M,M,M,M,0.0,M,M,0.0,M,M,M,M,1.0,M,0.0,M,M,M,M,M,M,M,M,M
USC00444568,"KEYSVILLE 2 S","CHARLOTTE",625,-78.48,37.02,0.0,0.0,0.0,0.0,0.0,0.0,0.0,0.0,0.0,0.0,0.0,0.0,0.0,0.0,0.0,0.0,0.0,0.0,0.0,0.0,0.0,0.0,0.0,0.0,M
US1VALN0002,"KILMARNOCK 2.5 NW","LANCASTER",75,-76.42,37.74,M,M,M,0.0,M,M,M,M,M,M,M,M,0.0,M,M,0.0,M,M,M,M,M,M,M,M,M
US1VAHR0008,"LAUREL 0.8 N","HENRICO",201,-77.50,37.65,M,M,M,T,M,M,M,M,M,M,M,M,M,T,M,M,M,M,M,M,M,M,M,M,M
US1VABR0001,"LAWRENCEVILLE 4.1 ESE","BRUNSWICK",295,-77.78,36.74,M,M,M,M,M,M,0.0,M,M,0.0,M,0.0,0.0,M,M,M,0.0,M,M,0.0,M,0.0,M,0.0,M
USC00444777,"LEBANON","RUSSELL",1912,-82.04,36.90,M,0.0,0.0,0.0,0.0,0.0,0.0,0.0,0.0,0.0,0.0,0.0,0.0,0.0,0.0,0.0,0.0,0.0,0.0,0.0,0.0,0.0,0.0,0.0,M
US1VALD0024,"LEESBURG 1.7 E","LOUDOUN",376,-77.52,39.10,M,M,0.3,M,M,M,M,M,M,M,T,M,M,M,M,M,M,M,M,M,M,M,M,M,M
US1VALD0026,"LEESBURG 2.6 E","LOUDOUN",269,-77.51,39.10,M,0.0,T,T,0.0,0.0,M,M,0.0,M,T,0.0,0.0,3.2,0.0,M,0.0,M,M,M,M,0.0,0.0,M,M
US1VALD0017,"LEESBURG 4.4 W","LOUDOUN",550,-77.64,39.09,M,M,M,M,M,0.0,M,M,0.0,0.0,M,0.0,0.0,3.5,M,0.0,0.0,M,M,0.0,M,0.0,0.0,0.0,M
USC00444876,"LEXINGTON","ROCKBRIDGE",1097,-79.44,37.78,0.0,0.0,0.0,0.0,0.0,0.0,0.0,0.0,0.0,0.0,0.0,0.0,0.0,0.7,0.0,0.0,0.0,0.0,0.0,0.0,0.0,0.0,0.0,0.0,M
US1VAND0002,"LOTTSBURG 2.3 NNE","NORTHUMBERLAND",18,-76.51,37.99,M,M,M,M,M,0.0,M,M,M,M,M,M,M,M,M,M,M,M,M,M,M,M,M,M,M
USC00445096,"LURAY 5 E","PAGE",1400,-78.37,38.67,0.0,0.0,0.0,0.0,0.0,0.0,0.0,0.0,0.0,0.0,0.0,0.0,0.0,4.0,0.0,0.0,0.0,0.0,0.0,0.0,0.0,0.0,M,M,M
US1VABD0019,"LYNCHBURG 1.3 SSW","BEDFORD",747,-79.20,37.39,M,M,0.0,0.0,0.0,0.0,M,M,0.0,M,0.0,0.0,0.0,M,0.0,0.0,0.0,M,M,0.0,M,M,0.0,0.0,M
US1VABD0016,"LYNCHBURG 1.4 SSW","BEDFORD",750,-79.20,37.38,M,M,0.0,0.0,M,0.0,M,M,0.0,0.0,0.0,0.0,0.0,M,0.0,0.0,0.0,M,M,0.0,M,0.0,M,0.0,M
US1VALYC001,"LYNCHBURG 2.5 NNW","LYNCHBURG",743,-79.21,37.43,M,M,M,M,M,M,M,M,M,M,M,M,M,M,M,M,M,M,M,M,0.0,0.0,0.0,0.0,M
US1VALYC004,"LYNCHBURG 2.5 WSW","LYNCHBURG",713,-79.23,37.38,M,M,0.0,0.0,0.0,0.0,0.0,M,0.0,0.0,0.0,0.0,0.0,M,0.0,0.0,0.0,M,M,0.0,M,0.0,0.0,0.0,M
US1VACM0004,"LYNCHBURG 6.7 ESE","CAMPBELL",742,-79.08,37.36,M,M,0.0,0.0,0.0,0.0,0.0,0.0,0.0,0.0,0.0,0.0,0.0,M,0.0,0.0,0.0,M,M,0.0,M,0.0,0.0,0.0,M
USW00013733,"LYNCHBURG INTL AP","CAMPBELL",940,-79.21,37.32,0.0,0.0,0.0,0.0,0.0,0.0,0.0,0.0,0.0,0.0,0.0,0.0,T,T,0.0,0.0,0.0,0.0,0.0,0.0,0.0,0.0,M,M,M
USC00445204,"MANASSAS","MANASSAS",245,-77.49,38.73,0.0,0.0,0.0,M,M,0.0,0.0,M,0.0,0.0,0.0,M,0.0,1.0,0.0,0.0,0.0,0.0,M,M,0.0,M,0.0,M,M
US1VAPW0013,"MANASSAS 5.3 SE","PRINCE WILLIAM",282,-77.43,38.68,M,M,0.0,T,0.0,0.0,M,M,M,0.0,M,0.0,0.0,3.6,0.6,0.0,0.0,M,M,M,M,0.0,0.0,0.0,M
US1VAPW0014,"MANASSAS 5.8 SE","PRINCE WILLIAM",355,-77.42,38.68,M,M,0.0,T,0.0,0.0,0.0,M,M,0.0,M,0.0,0.0,3.7,M,0.0,0.0,M,M,M,M,0.0,0.0,0.0,M
US1VAFX0037,"MANTUA 1.4 S","FAIRFAX",430,-77.26,38.83,M,M,M,M,M,M,M,M,M,M,T,M,M,M,M,M,M,M,M,M,M,M,M,M,M
US1VASM0004,"MARION 2.4 ENE","SMYTH",2254,-81.47,36.85,M,M,0.0,0.0,0.0,0.0,0.0,M,0.0,M,M,0.0,M,1.0,0.2,0.0,0.0,M,M,0.0,M,0.0,0.0,0.0,M
US1VASM0001,"MARION 4.4 WSW","SMYTH",2170,-81.59,36.81,M,M,M,0.0,0.0,M,M,M,0.0,M,0.0,M,0.0,1.0,T,M,M,M,M,0.0,M,0.0,0.0,0.0,M
US1VAHN0007,"MARTINSVILLE 2.0 SE","HENRY",768,-79.84,36.66,M,M,0.0,0.0,0.0,0.0,M,M,M,M,M,M,M,M,M,M,M,M,M,M,M,M,M,M,M
USC00445300,"MARTINSVILLE FILTER PLANT","HENRY",760,-79.86,36.71,0.0,0.0,0.0,0.0,0.0,0.0,0.0,0.0,0.0,0.0,0.0,0.0,0.0,0.0,0.0,M,M,0.0,0.0,0.0,0.0,0.0,0.0,0.0,M
US1VAFX0052,"MCLEAN 1.5 S","FAIRFAX",295,-77.18,38.92,M,M,T,0.0,0.0,0.0,M,M,0.0,M,T,0.0,0.0,3.4,T,0.0,0.0,M,T,T,M,0.0,0.0,0.0,M
US1VAFX0041,"MCLEAN 2.3 SE","FAIRFAX",273,-77.14,38.92,M,M,0.0,0.0,0.0,0.0,M,M,0.0,0.0,M,0.0,M,3.0,0.0,0.0,0.0,M,M,M,M,M,M,M,M
US1VAFX0053,"MCLEAN 2.4 SSE","FAIRFAX",400,-77.15,38.91,M,M,T,0.0,0.0,0.0,M,M,0.0,0.0,M,0.0,M,3.0,T,0.0,0.0,M,T,M,M,0.0,0.0,M,M
US1VAPR0002,"MEADOWS OF DAN 4.5 SW","PATRICK",2834,-80.45,36.68,M,M,0.0,0.0,0.0,0.0,0.0,M,0.0,M,0.0,0.0,0.0,T,M,0.0,0.0,M,M,0.0,0.0,0.0,0.0,0.0,M
USC00445453,"MEADOWS OF DAN 5 SW","PATRICK",2224,-80.45,36.67,0.0,0.0,0.0,0.0,0.0,0.0,0.0,0.0,0.0,0.0,0.0,0.0,0.0,0.0,0.0,0.0,0.0,0.0,0.0,0.0,0.0,0.0,0.0,M,M
US1VACS0019,"MIDLOTHIAN 0.6 NE","CHESTERFIELD",362,-77.64,37.51,M,M,0.0,0.0,0.0,M,M,M,M,M,M,M,M,M,0.0,0.0,0.0,0.0,0.0,0.0,0.0,0.0,0.0,M,M
US1VACS0027,"MIDLOTHIAN 3.5 SSW","CHESTERFIELD",265,-77.66,37.46,M,M,M,M,0.0,M,M,M,M,M,M,M,M,M,M,0.0,M,M,M,0.0,M,M,M,M,M
US1VACS0026,"MIDLOTHIAN 4.7 SSW","CHESTERFIELD",183,-77.67,37.44,M,M,0.0,0.0,0.0,0.0,0.0,M,0.0,0.0,M,0.0,0.0,M,M,0.0,M,M,M,M,M,0.0,0.0,0.0,M
US1VABH0001,"MILLBORO 0.3 NW","BATH",1761,-79.61,37.98,M,M,0.0,0.0,0.0,0.0,M,M,M,0.0,0.0,0.0,0.0,3.0,1.0,0.0,0.0,M,M,0.0,M,0.0,0.0,0.0,M
USC00445595,"MILLGAP","HIGHLAND",2420,-79.72,38.31,0.0,0.0,1.0,0.5,0.0,0.0,0.0,0.0,0.0,0.0,0.0,0.0,0.0,4.0,0.2,0.1,0.0,0.5,0.0,0.0,0.0,0.0,0.0,0.0,M
US1VALS0002,"MINERAL 10.2 ESE","LOUISA",299,-77.75,37.93,M,M,0.0,0.0,0.0,0.0,0.0,M,0.0,0.0,0.0,0.0,0.0,M,M,0.0,0.0,M,M,0.0,M,M,M,M,M
US1VABD0007,"MONETA 3.6 SW","BEDFORD",858,-79.68,37.16,M,M,M,M,M,M,0.0,M,0.0,M,M,M,M,M,M,M,M,M,M,0.0,M,0.0,0.0,M,M
US1VABD0004,"MONETA 3.7 SW","BEDFORD",834,-79.66,37.14,M,M,M,0.0,0.0,0.0,0.0,M,M,M,M,0.0,0.0,M,0.0,0.0,0.0,M,M,M,M,0.0,0.0,0.0,M
US1VABD0013,"MONETA 3.9 WSW","BEDFORD",879,-79.69,37.17,M,M,M,M,M,M,M,M,M,M,M,M,0.0,M,M,M,0.0,M,M,M,M,M,M,M,M
USC00445690,"MONTEBELLO FISH CULTURAL STATION","NELSON",2666,-79.13,37.84,M,M,0.0,0.0,0.0,0.0,M,M,M,0.0,0.0,0.0,M,M,M,M,M,M,M,M,M,M,M,M,M
US1VAHG0002,"MONTEREY 6.5 SSW","HIGHLAND",2434,-79.64,38.33,M,M,1.0,M,0.0,0.0,M,M,0.0,M,0.0,0.0,0.0,4.5,T,T,M,0.5,T,0.0,M,M,M,0.0,M
US1VAWM0001,"MONTROSS 5.2 ESE","WESTMORELAND",36,-76.73,38.08,M,M,0.0,M,0.0,0.0,0.0,M,0.0,0.0,M,0.0,0.0,T,T,0.0,0.0,M,T,M,0.0,0.0,0.0,M,M
USC00445851,"MOUNT WEATHER","LOUDOUN",1659,-77.89,39.06,0.0,0.0,0.0,0.0,0.0,M,M,M,M,M,M,M,M,5.8,0.0,0.0,0.0,0.1,0.0,0.0,M,M,M,M,M
USC00445756,"MOUNTAIN GROVE","BATH",1774,-79.89,38.10,M,M,0.0,0.0,0.0,0.0,M,0.0,0.0,M,0.0,0.0,0.0,M,M,M,M,0.0,M,0.0,0.0,0.0,M,M,M
USC00446012,"NEW CASTLE","CRAIG",1258,-80.10,37.51,M,M,M,M,M,0.0,0.0,0.0,0.0,0.0,M,M,M,0.5,M,M,0.0,0.0,0.0,0.0,0.0,0.0,M,M,M
US1VANNC004,"NEWPORT NEWS 3.3 E","NEWPORT NEWS",21,-76.45,37.08,0.0,M,0.0,0.0,0.0,0.0,0.0,0.0,M,0.0,0.0,0.0,0.0,M,M,0.0,0.0,M,M,0.5,0.0,M,0.0,0.0,M
US1VAYR0001,"NEWPORT NEWS 5.8 NE","YORK",59,-76.45,37.14,0.0,M,0.0,M,M,M,M,M,M,M,M,M,M,M,M,M,M,M,M,M,M,M,M,M,M
US1VAYR0003,"NEWPORT NEWS 7.5 NNE","YORK",23,-76.44,37.17,M,M,0.0,M,0.0,0.0,0.0,M,M,M,0.0,0.0,0.0,M,M,0.0,0.0,M,M,M,0.0,M,0.0,0.0,M
USW00093741,"NEWPORT NEWS INTL AP","NEWPORT NEWS",42,-76.49,37.13,M,M,M,M,M,M,M,M,M,M,M,M,M,M,0.0,0.0,M,M,M,0.0,M,M,M,M,M
US1VAPW0011,"NOKESVILLE 4.0 S","PRINCE WILLIAM",203,-77.58,38.64,M,M,M,0.0,0.0,0.0,0.0,M,0.0,M,M,0.0,0.0,2.5,M,0.0,0.0,M,M,M,M,0.0,0.0,0.0,M
USC00446125,"NORA 4 SSE","DICKENSON",2649,-82.32,37.02,0.0,0.0,0.4,0.0,0.0,0.0,0.0,0.0,0.0,0.0,0.0,0.0,0.0,0.3,2.8,0.0,0.0,0.0,0.0,0.0,0.0,0.0,0.0,0.0,M
US1VANRC005,"NORFOLK 3.0 S","NORFOLK (CITY)",9,-76.25,36.88,0.0,M,M,M,M,0.0,M,M,0.0,M,M,M,M,M,M,0.0,0.0,M,M,M,M,M,M,M,M
US1VANRC003,"NORFOLK 5.0 SSW","NORFOLK (CITY)",9,-76.29,36.86,0.0,0.0,0.0,0.0,0.0,0.0,0.0,0.0,0.0,0.0,0.0,0.0,0.0,0.0,0.0,0.0,0.0,0.0,0.0,T,0.0,0.0,0.0,0.0,M
USW00013737,"NORFOLK INTL AP","NORFOLK (CITY)",30,-76.19,36.90,0.0,0.0,T,0.0,0.0,0.0,0.0,0.0,0.0,0.0,0.0,0.0,0.0,M,0.0,0.0,M,M,0.1,0.0,0.0,M,M,M,M
USC00446147,"NORFOLK SOUTH","NORFOLK (CITY)",100,-76.23,36.87,M,M,M,M,M,M,M,M,M,M,M,M,M,M,M,M,M,M,0.1,M,M,M,M,M,M
USC00446161,"NORTH","MATHEWS",10,-76.44,37.43,0.0,0.0,0.0,0.0,0.0,0.0,0.0,0.0,0.0,0.0,0.0,0.0,0.0,0.0,0.0,0.0,0.0,0.0,0.0,0.0,0.0,0.0,0.0,0.0,M
USC00446173,"NORTH FORK LAKE","WISE",1674,-82.63,37.12,M,M,M,M,M,M,M,M,M,M,M,M,M,M,2.0,M,M,M,M,M,M,M,M,M,M
US1VAFX0072,"OAK HILL 0.3 WSW","FAIRFAX",358,-77.41,38.91,0.0,T,T,0.0,0.0,0.0,0.0,0.0,0.0,T,0.0,0.0,1.5,1.5,0.0,0.0,0.0,0.0,T,0.0,0.0,0.0,0.0,M,M
US1VAFX0060,"OAKTON 0.4 E","FAIRFAX",373,-77.29,38.89,M,M,T,0.0,0.0,0.0,M,M,0.0,0.0,T,0.0,0.0,3.1,T,0.0,0.0,0.0,0.0,M,M,0.0,0.0,M,M
US1VAAC0006,"ONANCOCK 3.9 SW","ACCOMACK",0,-75.80,37.67,M,M,0.0,M,0.0,0.0,M,M,M,0.0,M,0.0,0.0,M,M,M,M,M,M,M,M,M,0.0,0.0,M
US1VAAC0007,"ONLEY 0.6 SE","ACCOMACK",43,-75.71,37.68,M,M,0.0,M,0.0,0.0,0.0,M,M,0.0,M,0.0,0.0,M,0.0,M,0.0,M,M,M,M,M,0.0,M,M
US1VAFV0002,"PALMYRA 4.3 N","FLUVANNA",428,-78.25,37.92,M,M,0.0,0.0,0.0,0.0,0.0,M,0.0,0.0,M,0.0,0.0,M,M,0.0,0.0,M,M,0.0,M,0.0,0.0,0.0,M
USC00446593,"PEDLAR DAM","AMHERST",1024,-79.28,37.67,0.0,0.0,0.0,0.0,0.0,0.0,0.0,0.0,0.0,0.0,0.0,0.0,0.0,0.0,0.0,0.0,0.0,0.0,0.0,0.0,0.0,0.0,0.0,0.0,M
US1VAGL0008,"PEMBROKE 1.3 NNE","GILES",1889,-80.63,37.34,M,M,T,T,M,M,M,M,M,M,M,M,M,1.3,0.5,M,M,M,M,M,M,M,M,M,M
USC00446712,"PIEDMONT RESEARCH STA","ORANGE",520,-78.12,38.23,0.0,0.0,M,M,M,0.0,M,M,M,0.0,0.0,0.0,0.0,0.0,0.0,0.0,0.0,M,M,0.0,0.0,0.0,0.0,0.0,M
US1VAPT0009,"PITTSVILLE 4.5 NNW","PITTSYLVANIA",683,-79.48,37.05,M,M,M,0.0,0.0,0.0,0.0,M,M,M,M,M,M,M,M,M,0.0,M,0.0,0.0,M,0.0,0.0,0.0,M
US1VAPQC001,"POQUOSON 5.8 W","POQUOSON",6,-76.40,37.15,0.0,M,0.0,M,0.0,0.0,0.0,0.0,0.0,0.0,0.0,0.0,0.0,M,0.0,0.0,0.0,M,M,M,M,M,M,M,M
US1VAMT0001,"PORT HAYWOOD 1.0 SE","MATHEWS",5,-76.31,37.37,M,M,0.0,M,0.0,0.0,0.0,M,M,0.0,M,0.0,0.0,M,M,0.0,0.0,M,M,M,M,M,0.0,0.0,M
US1VAPRC002,"PORTSMOUTH 4.1 SSE","PORTSMOUTH",26,-76.33,36.80,0.0,0.0,0.0,0.0,0.0,0.0,0.0,0.0,0.0,0.0,0.0,0.0,0.0,0.0,0.0,0.0,0.0,0.0,0.0,T,0.0,0.0,0.0,0.0,M
USC00446955,"PULASKI 2 E","PULASKI",1850,-80.78,37.06,0.0,0.0,0.0,0.0,0.0,0.0,0.0,0.0,0.0,0.0,0.0,0.0,0.0,0.9,0.0,M,M,0.0,0.0,0.0,0.0,0.0,M,M,M
US1VARDC001,"RADFORD 0.9 WNW","RADFORD",1886,-80.57,37.13,0.0,0.0,0.0,0.0,0.0,0.0,0.0,0.0,0.0,M,M,M,M,M,T,0.0,0.0,0.0,0.0,0.0,0.0,0.0,0.0,0.0,M
USC00446999,"RADFORD 3 N","PULASKI",1799,-80.59,37.20,M,0.0,0.0,0.0,0.0,0.0,0.0,0.0,0.0,0.0,0.0,0.0,0.0,1.0,0.0,0.0,0.0,0.0,0.0,0.0,0.0,0.0,0.0,0.0,M
US1VAFQ0004,"REMINGTON 4.0 ENE","FAUQUIER",318,-77.74,38.56,M,M,0.0,0.0,0.0,0.0,M,M,0.0,M,M,M,M,M,M,M,0.0,M,M,0.0,M,0.0,0.0,0.0,M
US1VAAM0001,"RICE 7.3 NE","AMELIA",378,-78.23,37.37,M,M,M,M,M,M,M,M,M,M,0.0,0.0,0.0,M,0.0,0.0,0.0,M,M,0.0,M,0.0,0.0,0.0,M
USC00447174,"RICHLANDS","TAZEWELL",1910,-81.79,37.09,0.0,0.0,0.0,0.0,0.0,0.0,0.0,0.0,0.0,0.0,0.0,0.0,0.0,0.0,0.0,M,M,0.0,0.0,0.0,0.0,0.0,0.0,0.0,M
US1VACS0031,"RICHMOND 6.4 W","CHESTERFIELD",358,-77.59,37.52,M,M,0.0,0.0,0.0,0.0,0.0,M,0.0,M,0.0,0.0,0.0,M,0.0,0.0,0.0,M,M,0.0,M,0.0,0.0,0.0,M
USW00013740,"RICHMOND INTERNATIONAL  AP","HENRICO",164,-77.32,37.51,0.0,0.0,T,0.0,0.0,0.0,0.0,0.0,0.0,0.0,0.0,0.0,T,M,0.0,0.0,M,M,0.0,0.0,0.0,0.0,M,M,M
US1VACP0002,"RIXEYVILLE 2.5 N","CULPEPER",492,-77.97,38.62,0.0,0.0,0.0,0.0,0.0,0.0,0.0,0.0,0.0,0.0,0.0,0.0,0.0,2.5,0.0,0.0,0.0,0.0,0.0,0.0,0.0,0.0,0.0,0.0,M
US1VACP0004,"RIXEYVILLE 6.1 N","CULPEPER",532,-77.98,38.66,0.0,0.0,T,T,0.0,0.0,0.0,0.0,0.0,0.0,0.0,0.0,0.0,2.5,0.0,0.0,0.0,M,0.0,0.0,M,0.0,0.0,0.0,M
US1VACP0001,"RIXEYVILLE 6.3 NNE","CULPEPER",482,-77.95,38.67,M,M,M,M,M,M,M,M,M,M,M,0.0,M,2.2,M,M,M,M,M,M,M,M,M,M,M
US1VARN0005,"ROANOKE 4.3 SW","ROANOKE",1157,-80.02,37.24,M,M,0.0,0.0,0.0,0.0,0.0,M,0.0,0.0,0.0,0.0,0.0,M,0.0,0.0,0.0,M,M,0.0,M,M,M,M,M
US1VARN0014,"ROANOKE 5.5 SW","ROANOKE",1401,-80.03,37.22,M,M,0.0,M,M,0.0,M,M,M,0.0,0.0,M,M,M,T,M,0.0,M,M,M,M,M,M,M,M
US1VARN0013,"ROANOKE 5.8 SW","ROANOKE",1485,-80.04,37.23,M,M,0.0,0.0,0.0,M,0.0,M,M,M,0.0,0.0,M,T,0.0,0.0,0.0,M,M,0.0,M,0.0,0.0,0.0,M
USC00447278,"ROANOKE 8 N","ROANOKE",1190,-79.96,37.36,0.0,0.0,0.0,0.0,0.0,0.0,0.0,0.0,0.0,0.0,0.0,0.0,0.0,0.0,0.0,0.0,0.0,0.0,0.0,0.0,0.0,0.0,M,M,M
USW00013741,"ROANOKE REGIONAL AP","ROANOKE",1175,-79.97,37.32,0.0,0.0,T,0.0,0.0,0.0,0.0,0.0,0.0,0.0,0.0,0.0,T,0.1,T,0.0,0.0,T,0.0,0.0,0.0,0.0,M,M,M
USC00447338,"ROCKY MOUNT","FRANKLIN",1315,-79.90,36.98,0.0,0.0,0.0,M,M,0.0,0.0,0.0,0.0,0.0,0.0,0.0,0.0,0.0,0.0,0.0,0.0,0.0,0.0,0.0,0.0,0.0,M,0.0,M
US1VAFR0024,"ROCKY MOUNT 2.2 NW","FRANKLIN",1173,-79.92,37.02,M,M,0.0,0.0,0.0,0.0,0.0,M,0.0,M,0.0,0.0,0.0,M,0.0,0.0,0.0,M,0.0,0.0,M,0.0,0.0,0.0,M
US1VAFR0004,"ROCKY MOUNT 3.1 SE","FRANKLIN",1070,-79.84,36.97,M,M,0.0,0.0,0.0,0.0,0.0,M,0.0,M,M,M,M,M,0.0,0.0,0.0,0.0,M,0.0,M,M,M,M,M
US1VAFR0001,"ROCKY MOUNT 3.6 W","FRANKLIN",1302,-79.95,36.99,M,M,0.0,0.0,0.0,0.0,0.0,M,0.0,M,M,0.0,0.0,M,M,0.0,0.0,M,M,0.0,M,0.0,0.0,0.0,M
US1VAFR0005,"ROCKY MOUNT 4.3 NNW","FRANKLIN",1082,-79.91,37.06,M,M,0.0,0.0,0.0,0.0,0.0,M,0.0,0.0,0.0,M,0.0,M,0.0,0.0,0.0,M,0.0,0.0,0.0,M,0.0,M,M
US1VALD0013,"ROUND HILL 2.7 WSW","LOUDOUN",696,-77.82,39.12,0.0,0.0,0.1,T,0.0,0.0,0.0,0.0,0.0,0.0,0.0,0.0,0.0,M,T,T,T,T,0.0,0.0,0.0,0.0,0.0,0.0,M
USC00447506,"SALTVILLE 1N","SMYTH",1732,-81.77,36.89,0.0,0.0,0.0,0.0,0.0,0.0,0.0,0.0,0.0,0.0,0.0,0.0,0.0,0.0,0.2,0.0,0.0,0.0,0.0,0.0,0.0,0.0,0.0,0.0,M
US1VANL0003,"SCOTTSVILLE 11.8 SW","NELSON",464,-78.66,37.69,M,M,M,M,M,M,M,M,M,M,M,0.0,M,0.0,0.0,0.0,0.0,M,0.0,0.0,M,0.0,0.0,M,M
US1VAST0002,"SEDLEY 3.7 N","SOUTHAMPTON",97,-76.99,36.83,0.0,M,0.0,0.0,0.0,0.0,M,0.0,M,0.0,0.0,M,0.0,M,M,0.0,0.0,M,M,M,M,M,0.0,0.0,M
US1VAPG0001,"SHENANDOAH 1.4 N","PAGE",959,-78.62,38.51,M,M,0.0,0.0,0.0,0.0,0.0,M,0.0,0.0,0.0,0.0,0.0,3.0,0.0,0.0,M,M,M,0.0,M,0.0,0.0,0.0,M
US1VAIW0013,"SMITHFIELD 0.7 ESE","ISLE OF WIGHT",24,-76.61,36.98,0.0,M,M,M,M,M,M,0.0,M,0.0,0.0,0.0,0.0,M,M,0.0,M,M,M,M,M,M,M,M,M
US1VAIW0011,"SMITHFIELD 1.7 SSW","ISLE OF WIGHT",28,-76.62,36.96,0.0,M,0.0,0.0,0.0,0.0,0.0,0.0,M,0.0,M,M,0.0,M,M,M,M,M,M,M,M,0.0,M,0.0,M
US1VAIW0010,"SMITHFIELD 3.6 SSE","ISLE OF WIGHT",21,-76.60,36.93,0.0,M,0.0,0.0,0.0,0.0,0.0,M,0.0,0.0,M,M,M,M,M,M,M,M,M,M,M,0.0,M,M,M
US1VAIW0012,"SMITHFIELD 7.2 W","ISLE OF WIGHT",79,-76.75,36.99,0.0,M,0.0,0.0,0.0,0.0,0.0,0.0,M,0.0,0.0,0.0,0.0,M,0.0,0.0,0.0,M,M,M,M,0.0,0.0,0.0,M
USC00447904,"SOMERSET","ORANGE",510,-78.27,38.25,M,M,M,M,M,M,M,M,M,M,M,M,M,1.0,M,M,M,M,M,M,M,M,M,M,M
USC00447925,"SOUTH BOSTON","HALIFAX",329,-78.88,36.70,0.0,0.0,M,0.0,0.0,0.0,0.0,0.0,0.0,0.0,0.0,0.0,0.0,0.0,0.0,0.0,0.0,0.0,0.0,0.0,0.0,0.0,0.0,0.0,M
USC00447985,"SPERRYVILLE","RAPPAHANNOCK",750,-78.23,38.66,M,M,M,0.0,M,M,M,M,M,M,0.0,M,M,2.0,0.0,M,M,M,M,M,M,M,M,M,M
USC00448022,"STAFFORDSVILLE 3 ENE","GILES",1950,-80.71,37.27,0.0,0.0,0.0,0.0,0.0,0.0,0.0,0.0,0.0,0.0,0.0,0.0,0.0,1.6,0.0,M,M,0.0,0.0,0.0,0.0,0.0,M,M,M
US1VAAG0006,"STAUNTON 0.5 WNW","AUGUSTA",1596,-79.07,38.16,M,M,M,M,0.0,0.0,M,M,0.0,M,M,0.0,0.0,1.0,M,0.0,0.0,M,M,0.0,M,0.0,0.0,0.0,M
US1VAAG0008,"STAUNTON 2.0 S","AUGUSTA",1617,-79.06,38.13,0.0,0.0,0.0,T,0.0,0.0,0.0,0.0,0.0,0.0,0.0,0.0,0.0,2.0,T,0.0,0.0,T,0.0,0.0,0.0,0.0,0.0,M,M
USC00448062,"STAUNTON WATER TREATMENT PLANT","AUGUSTA",169,-79.08,38.17,M,0.0,0.0,0.0,0.0,0.0,0.0,0.0,0.0,0.0,0.0,0.0,0.0,1.2,0.0,0.0,0.0,0.0,0.0,0.0,0.0,0.0,0.0,0.0,M
US1VAFD0001,"STEPHENS CITY 2.2 E","FREDERICK",728,-78.18,39.10,M,M,0.0,0.0,0.0,0.0,0.0,M,0.0,M,M,0.0,0.0,5.2,0.3,0.0,M,0.0,M,M,M,0.0,0.0,0.0,M
USC00448084,"STERLING (RCS)","LOUDOUN",288,-77.49,38.98,0.0,M,0.1,0.0,0.0,0.0,0.0,0.0,0.0,0.0,0.0,0.0,0.0,4.8,0.8,0.0,0.0,0.0,0.0,0.0,0.0,0.0,0.0,M,M
US1VASH0002,"STRASBURG 3.7 N","SHENANDOAH",742,-78.35,39.04,M,M,T,T,0.0,0.0,M,M,0.0,M,M,0.0,0.0,6.1,T,0.0,0.0,M,M,0.0,M,0.0,0.0,0.0,M
USC00448170,"STUART","PATRICK",1375,-80.25,36.64,0.0,0.0,M,0.0,0.0,0.0,0.0,0.0,0.0,0.0,0.0,0.0,0.0,0.0,0.0,0.0,0.0,0.0,0.0,0.0,0.0,0.0,0.0,0.0,M
US1VASFC007,"SUFFOLK 13.9 NNE","SUFFOLK",22,-76.53,36.89,0.0,M,0.0,0.0,0.0,0.0,0.0,0.0,0.0,0.0,M,0.0,0.0,M,M,0.0,0.0,0.0,M,M,M,0.0,0.0,0.0,M
USC00448192,"SUFFOLK LAKE KILBY","SUFFOLK",22,-76.60,36.73,0.0,0.0,M,M,M,0.0,0.0,0.0,0.0,M,M,0.0,0.0,0.0,0.0,0.0,M,0.0,0.0,0.0,0.0,0.0,0.0,M,M
US1VALN0001,"URBANNA 6.2 NNE","LANCASTER",89,-76.52,37.72,M,M,0.0,T,0.0,0.0,0.0,M,0.0,0.0,M,0.0,0.0,T,T,0.0,0.0,M,T,T,M,M,0.0,0.0,M
USC00448737,"VIENNA","FAIRFAX",418,-77.27,38.90,0.0,0.0,0.0,0.0,0.0,0.0,0.0,0.0,0.0,0.0,0.1,0.0,0.0,3.5,0.0,0.0,0.0,0.0,0.0,0.0,0.0,M,M,M,M
US1VAFX0061,"VIENNA 0.8 S","FAIRFAX",398,-77.26,38.89,0.0,M,M,M,M,M,M,M,M,M,M,0.0,0.0,3.2,M,0.0,0.0,M,M,M,M,0.0,0.0,0.0,M
US1VAFX0051,"VIENNA 1.3 W","FAIRFAX",371,-77.28,38.90,M,M,T,0.0,0.0,0.0,M,M,0.0,0.0,M,0.0,0.0,3.2,T,T,0.0,0.0,T,T,0.0,0.0,0.0,0.0,M
US1VAFX0040,"VIENNA 3.3 N","FAIRFAX",359,-77.26,38.95,0.0,0.0,T,0.0,0.0,0.0,0.0,0.0,0.0,0.0,0.3,0.0,0.0,3.4,0.1,0.0,0.0,0.0,0.2,0.2,0.0,0.0,M,M,M
US1VARN0015,"VINTON 0.7 NE","ROANOKE",1118,-79.88,37.28,M,M,M,M,M,M,M,M,M,M,M,M,M,0.1,T,M,M,M,M,M,M,M,M,M,M
US1VAVBC023,"VIRGINIA BEACH 10.6 N","VIRGINIA BEACH",20,-76.03,36.89,0.0,M,0.0,M,0.0,0.0,0.0,M,M,0.0,M,0.0,0.0,M,M,0.0,0.0,M,M,M,0.0,0.0,0.0,0.0,M
US1VAVBC013,"VIRGINIA BEACH 2.4 N","VIRGINIA BEACH",13,-76.04,36.77,M,M,0.0,0.0,0.0,0.0,0.0,M,M,0.0,M,0.0,0.0,M,M,0.0,0.0,M,M,M,M,M,0.0,M,M
US1VAVBC021,"VIRGINIA BEACH 3.1 ENE","VIRGINIA BEACH",4,-75.99,36.75,0.0,M,0.0,0.0,0.0,0.0,0.0,0.0,M,0.0,M,0.0,0.0,M,0.0,0.0,0.0,M,M,M,0.0,M,0.0,0.0,M
US1VAVBC030,"VIRGINIA BEACH 6.0 WNW","VIRGINIA BEACH",13,-76.14,36.78,0.0,M,0.0,0.0,0.0,0.0,0.0,0.0,M,0.0,0.0,0.0,0.0,M,M,0.0,0.0,M,M,M,M,M,0.0,0.0,M
US1VASS0001,"WAKEFIELD 0.1 ENE","SUSSEX",111,-76.99,36.97,M,M,0.0,M,0.0,0.0,0.0,M,0.0,0.0,0.0,0.0,0.0,M,0.0,0.0,M,M,M,M,M,M,M,M,M
USC00448800,"WAKEFIELD 1NW","SUSSEX",113,-77.01,36.98,0.0,0.0,0.0,0.0,0.0,0.0,0.0,0.0,0.0,0.0,0.0,M,0.0,0.0,0.0,0.0,0.0,0.0,0.0,0.0,0.0,0.0,0.0,M,M
USW00093773,"WAKEFIELD MUNICIPAL AP","SUSSEX",109,-77.01,36.98,0.0,0.0,T,0.0,0.0,0.0,0.0,0.0,0.0,0.0,0.0,0.0,T,M,M,0.0,M,M,M,0.0,M,M,M,M,M
US1VAAC0012,"WALLOPS ISLAND 2.0 NW","ACCOMACK",32,-75.47,37.94,M,M,0.0,0.0,0.0,0.0,0.0,M,M,0.0,M,M,M,M,M,0.0,0.0,M,M,M,0.0,M,0.0,0.0,M
USW00093739,"WALLOPS ISLAND WALLOPS FLIGHT FAC","ACCOMACK",46,-75.47,37.94,0.0,0.0,T,0.0,0.0,0.0,0.0,0.0,0.0,0.0,0.0,0.0,0.0,M,0.0,0.0,M,M,M,0.0,0.0,M,M,M,M
US1VAFQ0001,"WARRENTON 6.1 S","FAUQUIER",446,-77.81,38.63,M,0.0,0.0,0.3,M,0.0,0.0,M,0.0,0.0,T,0.0,0.0,3.0,T,0.0,0.0,M,M,0.0,M,M,M,M,M
USW00093738,"WASHINGTON DULLES INTL AP","LOUDOUN",290,-77.46,38.94,0.0,0.0,0.1,0.0,0.0,0.0,0.0,0.0,0.0,T,0.0,0.0,1.5,4.1,T,0.0,0.0,0.0,T,0.0,0.0,0.0,M,M,M
USW00013743,"WASHINGTON REAGAN NATIONAL AIRPOR","ARLINGTON",10,-77.03,38.85,0.0,0.0,T,0.0,0.0,0.0,0.0,0.0,0.0,T,0.0,0.0,1.1,0.9,0.0,0.0,0.0,0.0,T,0.0,0.0,0.0,M,M,M
USC00448941,"WAYNESBORO WATER TREATMENT","WAYNESBORO",1270,-78.88,38.08,0.0,0.0,0.0,0.0,0.0,0.0,0.0,0.0,0.0,0.0,0.0,0.0,0.0,0.6,0.0,M,0.0,0.0,0.0,0.0,0.0,0.0,0.0,0.0,M
USC00449025,"WEST POINT 2 NW","KING WILLIAM",20,-76.80,37.57,M,M,0.0,0.0,M,0.0,0.0,M,M,M,0.0,0.0,0.0,0.0,0.0,M,0.0,0.0,0.0,0.0,0.0,M,M,M,M
US1VAMX0001,"WHITE STONE 8.0 SSW","MIDDLESEX",98,-76.44,37.54,M,M,0.0,0.0,0.0,0.0,0.0,M,M,M,M,0.0,0.0,M,M,0.0,0.0,M,M,0.5,M,0.0,0.0,0.0,M
US1VAYR0012,"WILLIAMSBURG 0.9 NNW","YORK",72,-76.71,37.28,M,M,0.0,0.0,0.0,0.0,0.0,M,M,0.0,0.0,0.0,0.0,M,M,0.0,0.0,M,M,M,M,0.0,0.0,M,M
US1VAWLC001,"WILLIAMSBURG 1.3 SSW","WILLIAMSBURG",73,-76.72,37.25,M,0.0,0.0,0.0,0.0,0.0,0.0,M,M,M,M,M,M,M,0.0,0.0,0.0,M,M,M,M,M,M,M,M
US1VAWLC003,"WILLIAMSBURG 1.4 ENE","WILLIAMSBURG",63,-76.68,37.28,M,M,M,M,0.0,0.0,0.0,M,M,M,0.0,0.0,0.0,M,M,0.0,0.0,M,M,M,M,0.0,0.0,0.0,M
US1VAWLC006,"WILLIAMSBURG 1.6 SW","WILLIAMSBURG",66,-76.73,37.25,M,M,M,M,M,M,M,M,M,0.0,M,M,M,M,M,M,M,M,M,M,M,M,M,M,M
US1VAJC0040,"WILLIAMSBURG 1.9 SW","JAMES (CITY)",75,-76.73,37.25,M,M,M,M,M,M,M,M,M,M,M,M,M,M,M,0.0,0.0,M,M,M,0.0,M,M,M,M
US1VAJC0026,"WILLIAMSBURG 3.1 SSE","JAMES (CITY)",36,-76.68,37.23,M,M,M,M,M,0.0,0.0,M,0.0,M,0.0,0.0,0.0,M,0.0,0.0,M,M,M,M,0.0,M,0.0,0.0,M
US1VAJC0016,"WILLIAMSBURG 3.2 WNW","JAMES (CITY)",64,-76.76,37.28,M,M,M,M,M,M,M,M,M,M,M,M,M,M,M,M,M,M,M,M,0.0,M,M,M,M
US1VAJC0038,"WILLIAMSBURG 3.8 WSW","JAMES (CITY)",48,-76.77,37.24,M,M,M,0.0,M,M,M,M,M,M,M,M,M,M,M,0.0,0.0,M,M,0.0,M,0.0,0.0,M,M
US1VAYR0007,"WILLIAMSBURG 4.4 N","YORK",79,-76.71,37.33,M,M,0.0,M,0.0,0.0,0.0,M,0.0,0.0,0.0,0.0,0.0,M,M,M,M,M,M,M,M,M,M,M,M
US1VAJC0021,"WILLIAMSBURG 4.5 NW","JAMES (CITY)",71,-76.77,37.31,M,M,M,M,M,0.0,M,M,M,M,M,M,M,M,M,M,M,M,M,M,M,0.0,M,M,M
US1VAJC0031,"WILLIAMSBURG 5.8 WSW","JAMES (CITY)",33,-76.81,37.25,0.0,M,0.0,0.0,0.0,M,M,0.0,M,0.0,0.0,0.0,0.0,M,M,0.0,M,M,M,M,M,M,M,M,M
US1VAYR0004,"WILLIAMSBURG 6.0 N","YORK",79,-76.70,37.36,M,M,M,0.0,0.0,M,M,M,0.0,0.0,M,M,0.0,M,0.0,0.0,M,M,M,M,0.0,0.0,0.0,0.0,M
US1VAJC0025,"WILLIAMSBURG 8.2 NW","JAMES (CITY)",70,-76.79,37.37,M,M,0.0,0.0,0.0,0.0,0.0,M,0.0,0.0,M,M,0.0,M,M,0.0,0.0,M,M,M,0.0,0.0,0.0,M,M
USC00449169,"WILLIS","FLOYD",2809,-80.51,36.91,0.0,0.0,M,M,M,0.0,0.0,0.0,0.0,0.0,0.0,0.0,0.0,M,M,M,M,M,M,0.0,M,0.0,M,M,M
US1VAFL0006,"WILLIS 2.7 SE","FLOYD",2881,-80.45,36.83,M,M,M,M,0.0,0.0,0.0,M,M,M,M,0.0,0.0,0.5,M,0.0,0.0,M,0.0,0.0,0.0,0.0,0.0,M,M
USC00449181,"WINCHESTER","FREDERICK",720,-78.15,39.19,0.0,0.0,0.2,0.0,0.0,0.0,0.0,0.0,0.0,0.0,0.0,0.0,0.0,6.2,0.9,0.0,0.0,0.0,0.0,0.0,0.0,0.0,0.0,0.0,M
US1VAFD0005,"WINCHESTER 5.1 NE","FREDERICK",620,-78.10,39.22,M,M,0.0,0.0,0.0,0.0,M,M,0.0,M,T,0.0,0.0,6.0,1.4,0.0,T,M,M,M,M,M,M,M,M
USC00449186,"WINCHESTER 7 SE","FREDERICK",680,-78.12,39.18,0.0,0.0,0.0,0.0,0.0,0.0,0.0,0.0,0.0,0.0,0.0,0.0,5.0,M,M,0.0,M,0.0,0.0,0.0,0.0,0.0,0.0,M,M
US1VAFD0003,"WINCHESTER 9.4 NW","FREDERICK",912,-78.30,39.27,M,M,0.2,0.0,0.0,0.0,M,M,0.0,M,M,0.0,0.0,8.1,1.0,T,0.0,M,M,M,0.0,0.0,0.0,M,M
USC00449215,"WISE 1SE","WISE",2563,-82.56,36.97,0.0,0.0,M,M,M,0.0,0.0,0.0,0.0,0.0,M,0.0,0.0,0.5,M,M,M,M,0.0,0.0,0.0,M,M,M,M
US1VAPW0010,"WOODBRIDGE 5.9 NW","PRINCE WILLIAM",229,-77.34,38.70,M,M,0.0,0.0,0.0,0.0,0.0,M,0.0,0.0,M,0.0,0.0,M,M,0.0,0.0,M,M,M,M,M,M,M,M
USC00449263,"WOODSTOCK 2 NE","SHENANDOAH",675,-78.47,38.90,0.0,0.0,0.0,M,M,0.0,0.0,0.0,0.0,0.0,0.0,0.0,0.0,5.6,0.0,0.0,0.0,0.0,0.0,0.0,0.0,0.0,0.0,M,M
USC00449272,"WOOLWINE","PATRICK",1500,-80.28,36.78,M,M,0.0,0.0,0.0,0.0,0.0,M,0.0,M,M,M,M,M,T,0.0,0.0,M,0.0,0.0,0.0,0.0,0.0,0.0,M
USC00449301,"WYTHEVILLE","WYTHE",2457,-81.09,36.96,0.0,0.0,0.0,0.2,0.0,0.0,0.0,0.0,0.0,0.0,0.0,0.0,0.0,1.0,0.2,0.0,M,0.0,0.0,0.0,0.0,0.0,M,M,M
US1VAYR0008,"YORKTOWN 0.5 SSE","YORK",63,-76.51,37.23,0.0,M,0.0,0.0,0.0,0.0,M,0.0,0.0,0.0,M,0.0,0.0,M,M,0.0,0.0,M,M,M,M,M,M,M,M
US1VAYR0014,"YORKTOWN 6.8 SE","YORK",34,-76.45,37.15,M,M,0.0,0.0,0.0,0.0,0.0,M,M,M,M,M,M,M,M,0.0,0.0,M,M,M,M,M,0.0,0.0,M
